"iddayforecast";"date";"sunrise";"sunset";"moonset";"moonrise";"moon_phase";"moon_illumination";"maxtemp";"mintemp";"idbeach"
334;"2020-02-25";"06:04 AM";"06:50 PM";"07:36 AM";"08:16 PM";"Waxing Crescent";"8";26;23;368
459;"2020-03-06";"06:10 AM";"06:40 PM";"04:37 PM";"02:27 AM";"Waxing Gibbous";"80";26;18;368
460;"2020-03-06";"06:10 AM";"06:40 PM";"04:37 PM";"02:27 AM";"Waxing Gibbous";"80";26;18;369
461;"2020-03-06";"06:10 AM";"06:40 PM";"04:37 PM";"02:27 AM";"Waxing Gibbous";"80";26;18;370
462;"2020-03-06";"06:10 AM";"06:40 PM";"04:37 PM";"02:27 AM";"Waxing Gibbous";"80";26;18;371
463;"2020-03-06";"06:10 AM";"06:40 PM";"04:37 PM";"02:27 AM";"Waxing Gibbous";"80";26;18;372
464;"2020-03-06";"06:10 AM";"06:40 PM";"04:37 PM";"02:27 AM";"Waxing Gibbous";"80";26;18;373
465;"2020-03-06";"06:10 AM";"06:40 PM";"04:37 PM";"02:27 AM";"Waxing Gibbous";"80";26;18;374
466;"2020-03-07";"06:11 AM";"06:39 PM";"05:28 PM";"03:33 AM";"Waxing Gibbous";"87";26;20;368
467;"2020-03-07";"06:11 AM";"06:39 PM";"05:28 PM";"03:33 AM";"Waxing Gibbous";"87";26;20;369
468;"2020-03-07";"06:11 AM";"06:39 PM";"05:28 PM";"03:33 AM";"Waxing Gibbous";"87";26;20;370
469;"2020-03-07";"06:11 AM";"06:39 PM";"05:28 PM";"03:33 AM";"Waxing Gibbous";"87";26;20;371
470;"2020-03-07";"06:11 AM";"06:39 PM";"05:28 PM";"03:33 AM";"Waxing Gibbous";"87";26;20;372
471;"2020-03-07";"06:11 AM";"06:39 PM";"05:28 PM";"03:33 AM";"Waxing Gibbous";"87";26;20;373
472;"2020-03-07";"06:11 AM";"06:39 PM";"05:28 PM";"03:33 AM";"Waxing Gibbous";"87";26;20;374
473;"2020-03-08";"06:11 AM";"06:37 PM";"06:14 PM";"04:41 AM";"Waxing Gibbous";"95";26;20;368
474;"2020-03-08";"06:11 AM";"06:37 PM";"06:14 PM";"04:41 AM";"Waxing Gibbous";"95";26;20;369
475;"2020-03-08";"06:11 AM";"06:37 PM";"06:14 PM";"04:41 AM";"Waxing Gibbous";"95";26;20;370
476;"2020-03-08";"06:11 AM";"06:37 PM";"06:14 PM";"04:41 AM";"Waxing Gibbous";"95";26;20;371
477;"2020-03-08";"06:11 AM";"06:37 PM";"06:14 PM";"04:41 AM";"Waxing Gibbous";"95";26;20;372
478;"2020-03-08";"06:11 AM";"06:37 PM";"06:14 PM";"04:41 AM";"Waxing Gibbous";"95";26;20;373
479;"2020-03-08";"06:11 AM";"06:37 PM";"06:14 PM";"04:41 AM";"Waxing Gibbous";"95";26;20;374
480;"2020-03-09";"06:11 AM";"06:37 PM";"06:14 PM";"04:41 AM";"Waxing Gibbous";"95";26;20;368
481;"2020-03-09";"06:11 AM";"06:37 PM";"06:14 PM";"04:41 AM";"Waxing Gibbous";"95";26;20;369
482;"2020-03-09";"06:11 AM";"06:37 PM";"06:14 PM";"04:41 AM";"Waxing Gibbous";"95";26;20;370
483;"2020-03-09";"06:11 AM";"06:37 PM";"06:14 PM";"04:41 AM";"Waxing Gibbous";"95";26;20;371
484;"2020-03-09";"06:11 AM";"06:37 PM";"06:14 PM";"04:41 AM";"Waxing Gibbous";"95";26;20;372
485;"2020-03-09";"06:11 AM";"06:37 PM";"06:14 PM";"04:41 AM";"Waxing Gibbous";"95";26;20;373
486;"2020-03-09";"06:11 AM";"06:37 PM";"06:14 PM";"04:41 AM";"Waxing Gibbous";"95";26;20;374
487;"2020-03-11";"06:13 AM";"06:34 PM";"08:19 PM";"08:05 AM";"Waxing Gibbous";"84";27;21;368
488;"2020-03-11";"06:13 AM";"06:34 PM";"08:19 PM";"08:05 AM";"Waxing Gibbous";"84";27;21;369
489;"2020-03-11";"06:13 AM";"06:34 PM";"08:19 PM";"08:05 AM";"Waxing Gibbous";"84";27;21;370
490;"2020-03-11";"06:13 AM";"06:34 PM";"08:19 PM";"08:05 AM";"Waxing Gibbous";"84";27;21;371
491;"2020-03-11";"06:13 AM";"06:34 PM";"08:19 PM";"08:05 AM";"Waxing Gibbous";"84";27;21;372
492;"2020-03-11";"06:13 AM";"06:34 PM";"08:19 PM";"08:05 AM";"Waxing Gibbous";"84";27;21;373
493;"2020-03-11";"06:13 AM";"06:34 PM";"08:19 PM";"08:05 AM";"Waxing Gibbous";"84";27;21;374
501;"2020-03-12";"06:14 AM";"06:33 PM";"09:00 PM";"09:12 AM";"Waning Gibbous";"76";27;22;368
502;"2020-03-12";"06:14 AM";"06:33 PM";"09:00 PM";"09:12 AM";"Waning Gibbous";"76";27;22;369
503;"2020-03-12";"06:14 AM";"06:33 PM";"09:00 PM";"09:12 AM";"Waning Gibbous";"76";27;22;370
504;"2020-03-12";"06:14 AM";"06:33 PM";"09:00 PM";"09:12 AM";"Waning Gibbous";"76";27;22;371
505;"2020-03-12";"06:14 AM";"06:33 PM";"09:00 PM";"09:12 AM";"Waning Gibbous";"76";27;22;372
506;"2020-03-12";"06:14 AM";"06:33 PM";"09:00 PM";"09:12 AM";"Waning Gibbous";"76";27;22;373
507;"2020-03-12";"06:14 AM";"06:33 PM";"09:00 PM";"09:12 AM";"Waning Gibbous";"76";27;22;374
508;"2020-03-13";"06:14 AM";"06:32 PM";"09:43 PM";"10:17 AM";"Waning Gibbous";"69";27;22;368
509;"2020-03-13";"06:14 AM";"06:32 PM";"09:43 PM";"10:17 AM";"Waning Gibbous";"69";27;22;369
510;"2020-03-13";"06:14 AM";"06:32 PM";"09:43 PM";"10:17 AM";"Waning Gibbous";"69";27;22;370
511;"2020-03-13";"06:14 AM";"06:32 PM";"09:43 PM";"10:17 AM";"Waning Gibbous";"69";27;22;371
512;"2020-03-13";"06:14 AM";"06:32 PM";"09:43 PM";"10:17 AM";"Waning Gibbous";"69";27;22;372
513;"2020-03-13";"06:14 AM";"06:32 PM";"09:43 PM";"10:17 AM";"Waning Gibbous";"69";27;22;373
514;"2020-03-13";"06:14 AM";"06:32 PM";"09:43 PM";"10:17 AM";"Waning Gibbous";"69";27;22;374
515;"2020-03-14";"06:15 AM";"06:31 PM";"10:28 PM";"11:23 AM";"Waning Gibbous";"62";28;21;368
516;"2020-03-14";"06:15 AM";"06:31 PM";"10:28 PM";"11:23 AM";"Waning Gibbous";"62";28;21;369
517;"2020-03-14";"06:15 AM";"06:31 PM";"10:28 PM";"11:23 AM";"Waning Gibbous";"62";28;21;370
518;"2020-03-14";"06:15 AM";"06:31 PM";"10:28 PM";"11:23 AM";"Waning Gibbous";"62";28;21;371
519;"2020-03-14";"06:15 AM";"06:31 PM";"10:28 PM";"11:23 AM";"Waning Gibbous";"62";28;21;372
520;"2020-03-14";"06:15 AM";"06:31 PM";"10:28 PM";"11:23 AM";"Waning Gibbous";"62";28;21;373
521;"2020-03-14";"06:15 AM";"06:31 PM";"10:28 PM";"11:23 AM";"Waning Gibbous";"62";28;21;374
522;"2020-03-15";"06:15 AM";"06:30 PM";"11:17 PM";"12:25 PM";"Waning Gibbous";"55";27;22;368
523;"2020-03-15";"06:15 AM";"06:30 PM";"11:17 PM";"12:25 PM";"Waning Gibbous";"55";27;22;369
524;"2020-03-15";"06:15 AM";"06:30 PM";"11:17 PM";"12:25 PM";"Waning Gibbous";"55";27;22;370
525;"2020-03-15";"06:15 AM";"06:30 PM";"11:17 PM";"12:25 PM";"Waning Gibbous";"55";27;22;371
526;"2020-03-15";"06:15 AM";"06:30 PM";"11:17 PM";"12:25 PM";"Waning Gibbous";"55";27;22;372
527;"2020-03-15";"06:15 AM";"06:30 PM";"11:17 PM";"12:25 PM";"Waning Gibbous";"55";27;22;373
528;"2020-03-15";"06:15 AM";"06:30 PM";"11:17 PM";"12:25 PM";"Waning Gibbous";"55";27;22;374
529;"2020-03-16";"06:16 AM";"06:29 PM";"No moonrise";"01:26 PM";"Last Quarter";"47";29;22;368
530;"2020-03-16";"06:16 AM";"06:29 PM";"No moonrise";"01:26 PM";"Last Quarter";"47";29;22;369
531;"2020-03-16";"06:16 AM";"06:29 PM";"No moonrise";"01:26 PM";"Last Quarter";"47";29;22;370
532;"2020-03-16";"06:16 AM";"06:29 PM";"No moonrise";"01:26 PM";"Last Quarter";"47";29;22;371
533;"2020-03-16";"06:16 AM";"06:29 PM";"No moonrise";"01:26 PM";"Last Quarter";"47";29;22;372
534;"2020-03-16";"06:16 AM";"06:29 PM";"No moonrise";"01:26 PM";"Last Quarter";"47";29;22;373
535;"2020-03-16";"06:16 AM";"06:29 PM";"No moonrise";"01:26 PM";"Last Quarter";"47";29;22;374
536;"2020-03-17";"06:16 AM";"06:28 PM";"12:08 AM";"02:21 PM";"Last Quarter";"40";25;22;368
537;"2020-03-17";"06:16 AM";"06:28 PM";"12:08 AM";"02:21 PM";"Last Quarter";"40";25;22;369
538;"2020-03-17";"06:16 AM";"06:28 PM";"12:08 AM";"02:21 PM";"Last Quarter";"40";25;22;370
539;"2020-03-17";"06:16 AM";"06:28 PM";"12:08 AM";"02:21 PM";"Last Quarter";"40";25;22;371
540;"2020-03-17";"06:16 AM";"06:28 PM";"12:08 AM";"02:21 PM";"Last Quarter";"40";25;22;372
541;"2020-03-17";"06:16 AM";"06:28 PM";"12:08 AM";"02:21 PM";"Last Quarter";"40";25;22;373
542;"2020-03-17";"06:16 AM";"06:28 PM";"12:08 AM";"02:21 PM";"Last Quarter";"40";25;22;374
543;"2020-03-18";"06:17 AM";"06:27 PM";"01:02 AM";"03:11 PM";"Last Quarter";"33";26;22;368
544;"2020-03-18";"06:17 AM";"06:27 PM";"01:02 AM";"03:11 PM";"Last Quarter";"33";26;22;369
545;"2020-03-18";"06:17 AM";"06:27 PM";"01:02 AM";"03:11 PM";"Last Quarter";"33";26;22;370
546;"2020-03-18";"06:17 AM";"06:27 PM";"01:02 AM";"03:11 PM";"Last Quarter";"33";26;22;371
547;"2020-03-18";"06:17 AM";"06:27 PM";"01:02 AM";"03:11 PM";"Last Quarter";"33";26;22;372
548;"2020-03-18";"06:17 AM";"06:27 PM";"01:02 AM";"03:11 PM";"Last Quarter";"33";26;22;373
549;"2020-03-18";"06:17 AM";"06:27 PM";"01:02 AM";"03:11 PM";"Last Quarter";"33";26;22;374
550;"2020-03-20";"06:18 AM";"06:24 PM";"02:52 AM";"04:37 PM";"Waning Crescent";"18";26;22;368
551;"2020-03-20";"06:18 AM";"06:24 PM";"02:52 AM";"04:37 PM";"Waning Crescent";"18";26;22;369
552;"2020-03-20";"06:18 AM";"06:24 PM";"02:52 AM";"04:37 PM";"Waning Crescent";"18";26;22;370
553;"2020-03-20";"06:18 AM";"06:24 PM";"02:52 AM";"04:37 PM";"Waning Crescent";"18";26;22;371
554;"2020-03-20";"06:18 AM";"06:24 PM";"02:52 AM";"04:37 PM";"Waning Crescent";"18";26;22;372
555;"2020-03-20";"06:18 AM";"06:24 PM";"02:52 AM";"04:37 PM";"Waning Crescent";"18";26;22;373
556;"2020-03-20";"06:18 AM";"06:24 PM";"02:52 AM";"04:37 PM";"Waning Crescent";"18";26;22;374
557;"2020-03-20";"06:18 AM";"06:24 PM";"02:52 AM";"04:37 PM";"Waning Crescent";"18";26;22;368
558;"2020-03-20";"06:18 AM";"06:24 PM";"02:52 AM";"04:37 PM";"Waning Crescent";"18";26;22;369
559;"2020-03-20";"06:18 AM";"06:24 PM";"02:52 AM";"04:37 PM";"Waning Crescent";"18";26;22;370
560;"2020-03-20";"06:18 AM";"06:24 PM";"02:52 AM";"04:37 PM";"Waning Crescent";"18";26;22;371
561;"2020-03-20";"06:18 AM";"06:24 PM";"02:52 AM";"04:37 PM";"Waning Crescent";"18";26;22;372
562;"2020-03-20";"06:18 AM";"06:24 PM";"02:52 AM";"04:37 PM";"Waning Crescent";"18";26;22;373
563;"2020-03-20";"06:18 AM";"06:24 PM";"02:52 AM";"04:37 PM";"Waning Crescent";"18";26;22;374
564;"2020-03-21";"06:18 AM";"06:23 PM";"03:46 AM";"05:14 PM";"Waning Crescent";"11";26;19;368
565;"2020-03-21";"06:18 AM";"06:23 PM";"03:46 AM";"05:14 PM";"Waning Crescent";"11";26;19;369
566;"2020-03-21";"06:18 AM";"06:23 PM";"03:46 AM";"05:14 PM";"Waning Crescent";"11";26;19;370
567;"2020-03-21";"06:18 AM";"06:23 PM";"03:46 AM";"05:14 PM";"Waning Crescent";"11";26;19;371
568;"2020-03-21";"06:18 AM";"06:23 PM";"03:46 AM";"05:14 PM";"Waning Crescent";"11";26;19;372
569;"2020-03-21";"06:18 AM";"06:23 PM";"03:46 AM";"05:14 PM";"Waning Crescent";"11";26;19;373
570;"2020-03-21";"06:18 AM";"06:23 PM";"03:46 AM";"05:14 PM";"Waning Crescent";"11";26;19;374
571;"2020-03-22";"06:19 AM";"06:22 PM";"04:39 AM";"05:47 PM";"Waning Crescent";"4";26;20;368
572;"2020-03-22";"06:19 AM";"06:22 PM";"04:39 AM";"05:47 PM";"Waning Crescent";"4";26;20;369
573;"2020-03-22";"06:19 AM";"06:22 PM";"04:39 AM";"05:47 PM";"Waning Crescent";"4";26;20;370
574;"2020-03-22";"06:19 AM";"06:22 PM";"04:39 AM";"05:47 PM";"Waning Crescent";"4";26;20;371
575;"2020-03-22";"06:19 AM";"06:22 PM";"04:39 AM";"05:47 PM";"Waning Crescent";"4";26;20;372
576;"2020-03-22";"06:19 AM";"06:22 PM";"04:39 AM";"05:47 PM";"Waning Crescent";"4";26;20;373
577;"2020-03-22";"06:19 AM";"06:22 PM";"04:39 AM";"05:47 PM";"Waning Crescent";"4";26;20;374
578;"2020-03-23";"06:19 AM";"06:21 PM";"05:32 AM";"06:18 PM";"New Moon";"0";26;20;368
579;"2020-03-23";"06:19 AM";"06:21 PM";"05:32 AM";"06:18 PM";"New Moon";"0";26;20;369
580;"2020-03-23";"06:19 AM";"06:21 PM";"05:32 AM";"06:18 PM";"New Moon";"0";26;20;370
581;"2020-03-23";"06:19 AM";"06:21 PM";"05:32 AM";"06:18 PM";"New Moon";"0";26;20;371
582;"2020-03-23";"06:19 AM";"06:21 PM";"05:32 AM";"06:18 PM";"New Moon";"0";26;20;372
583;"2020-03-23";"06:19 AM";"06:21 PM";"05:32 AM";"06:18 PM";"New Moon";"0";26;20;373
584;"2020-03-23";"06:19 AM";"06:21 PM";"05:32 AM";"06:18 PM";"New Moon";"0";26;20;374
585;"2020-03-24";"06:20 AM";"06:20 PM";"06:22 AM";"06:49 PM";"New Moon";"0";25;20;368
586;"2020-03-24";"06:20 AM";"06:20 PM";"06:22 AM";"06:49 PM";"New Moon";"0";25;20;369
587;"2020-03-24";"06:20 AM";"06:20 PM";"06:22 AM";"06:49 PM";"New Moon";"0";25;20;370
588;"2020-03-24";"06:20 AM";"06:20 PM";"06:22 AM";"06:49 PM";"New Moon";"0";25;20;371
589;"2020-03-24";"06:20 AM";"06:20 PM";"06:22 AM";"06:49 PM";"New Moon";"0";25;20;372
590;"2020-03-24";"06:20 AM";"06:20 PM";"06:22 AM";"06:49 PM";"New Moon";"0";25;20;373
591;"2020-03-24";"06:20 AM";"06:20 PM";"06:22 AM";"06:49 PM";"New Moon";"0";25;20;374
592;"2020-03-25";"06:20 AM";"06:19 PM";"07:14 AM";"07:19 PM";"Waxing Crescent";"3";25;20;368
593;"2020-03-25";"06:20 AM";"06:19 PM";"07:14 AM";"07:19 PM";"Waxing Crescent";"3";25;20;369
594;"2020-03-25";"06:20 AM";"06:19 PM";"07:14 AM";"07:19 PM";"Waxing Crescent";"3";25;20;370
595;"2020-03-25";"06:20 AM";"06:19 PM";"07:14 AM";"07:19 PM";"Waxing Crescent";"3";25;20;371
596;"2020-03-25";"06:20 AM";"06:19 PM";"07:14 AM";"07:19 PM";"Waxing Crescent";"3";25;20;372
597;"2020-03-25";"06:20 AM";"06:19 PM";"07:14 AM";"07:19 PM";"Waxing Crescent";"3";25;20;373
598;"2020-03-25";"06:20 AM";"06:19 PM";"07:14 AM";"07:19 PM";"Waxing Crescent";"3";25;20;374
599;"2020-03-26";"06:21 AM";"06:18 PM";"08:05 AM";"07:51 PM";"Waxing Crescent";"11";26;19;368
600;"2020-03-26";"06:21 AM";"06:18 PM";"08:05 AM";"07:51 PM";"Waxing Crescent";"11";26;19;369
601;"2020-03-26";"06:21 AM";"06:18 PM";"08:05 AM";"07:51 PM";"Waxing Crescent";"11";26;19;370
602;"2020-03-26";"06:21 AM";"06:18 PM";"08:05 AM";"07:51 PM";"Waxing Crescent";"11";26;19;371
603;"2020-03-26";"06:21 AM";"06:18 PM";"08:05 AM";"07:51 PM";"Waxing Crescent";"11";26;19;372
604;"2020-03-26";"06:21 AM";"06:18 PM";"08:05 AM";"07:51 PM";"Waxing Crescent";"11";26;19;373
605;"2020-03-26";"06:21 AM";"06:18 PM";"08:05 AM";"07:51 PM";"Waxing Crescent";"11";26;19;374
606;"2020-03-27";"06:21 AM";"06:17 PM";"08:57 AM";"08:23 PM";"Waxing Crescent";"18";25;21;368
607;"2020-03-27";"06:21 AM";"06:17 PM";"08:57 AM";"08:23 PM";"Waxing Crescent";"18";25;21;369
608;"2020-03-27";"06:21 AM";"06:17 PM";"08:57 AM";"08:23 PM";"Waxing Crescent";"18";25;21;370
609;"2020-03-27";"06:21 AM";"06:17 PM";"08:57 AM";"08:23 PM";"Waxing Crescent";"18";25;21;371
610;"2020-03-27";"06:21 AM";"06:17 PM";"08:57 AM";"08:23 PM";"Waxing Crescent";"18";25;21;372
611;"2020-03-27";"06:21 AM";"06:17 PM";"08:57 AM";"08:23 PM";"Waxing Crescent";"18";25;21;373
612;"2020-03-27";"06:21 AM";"06:17 PM";"08:57 AM";"08:23 PM";"Waxing Crescent";"18";25;21;374
613;"2020-03-28";"06:22 AM";"06:15 PM";"09:50 AM";"09:00 PM";"Waxing Crescent";"25";26;20;368
614;"2020-03-28";"06:22 AM";"06:15 PM";"09:50 AM";"09:00 PM";"Waxing Crescent";"25";26;20;369
615;"2020-03-28";"06:22 AM";"06:15 PM";"09:50 AM";"09:00 PM";"Waxing Crescent";"25";26;20;370
616;"2020-03-28";"06:22 AM";"06:15 PM";"09:50 AM";"09:00 PM";"Waxing Crescent";"25";26;20;371
617;"2020-03-28";"06:22 AM";"06:15 PM";"09:50 AM";"09:00 PM";"Waxing Crescent";"25";26;20;372
618;"2020-03-28";"06:22 AM";"06:15 PM";"09:50 AM";"09:00 PM";"Waxing Crescent";"25";26;20;373
619;"2020-03-28";"06:22 AM";"06:15 PM";"09:50 AM";"09:00 PM";"Waxing Crescent";"25";26;20;374
620;"2020-03-29";"06:22 AM";"06:14 PM";"10:45 AM";"09:40 PM";"Waxing Crescent";"32";27;21;368
621;"2020-03-29";"06:22 AM";"06:14 PM";"10:45 AM";"09:40 PM";"Waxing Crescent";"32";27;21;369
622;"2020-03-29";"06:22 AM";"06:14 PM";"10:45 AM";"09:40 PM";"Waxing Crescent";"32";27;21;370
623;"2020-03-29";"06:22 AM";"06:14 PM";"10:45 AM";"09:40 PM";"Waxing Crescent";"32";27;21;371
624;"2020-03-29";"06:22 AM";"06:14 PM";"10:45 AM";"09:40 PM";"Waxing Crescent";"32";27;21;372
625;"2020-03-29";"06:22 AM";"06:14 PM";"10:45 AM";"09:40 PM";"Waxing Crescent";"32";27;21;373
626;"2020-03-29";"06:22 AM";"06:14 PM";"10:45 AM";"09:40 PM";"Waxing Crescent";"32";27;21;374
627;"2020-03-30";"06:23 AM";"06:13 PM";"11:41 AM";"10:24 PM";"First Quarter";"40";28;21;368
628;"2020-03-30";"06:23 AM";"06:13 PM";"11:41 AM";"10:24 PM";"First Quarter";"40";28;21;369
629;"2020-03-30";"06:23 AM";"06:13 PM";"11:41 AM";"10:24 PM";"First Quarter";"40";28;21;370
630;"2020-03-30";"06:23 AM";"06:13 PM";"11:41 AM";"10:24 PM";"First Quarter";"40";28;21;371
631;"2020-03-30";"06:23 AM";"06:13 PM";"11:41 AM";"10:24 PM";"First Quarter";"40";28;21;372
632;"2020-03-30";"06:23 AM";"06:13 PM";"11:41 AM";"10:24 PM";"First Quarter";"40";28;21;373
633;"2020-03-30";"06:23 AM";"06:13 PM";"11:41 AM";"10:24 PM";"First Quarter";"40";28;21;374
634;"2020-03-31";"06:23 AM";"06:12 PM";"12:37 PM";"11:16 PM";"First Quarter";"44";29;22;368
635;"2020-03-31";"06:23 AM";"06:12 PM";"12:37 PM";"11:16 PM";"First Quarter";"44";29;22;369
636;"2020-03-31";"06:23 AM";"06:12 PM";"12:37 PM";"11:16 PM";"First Quarter";"44";29;22;370
637;"2020-03-31";"06:23 AM";"06:12 PM";"12:37 PM";"11:16 PM";"First Quarter";"44";29;22;371
638;"2020-03-31";"06:23 AM";"06:12 PM";"12:37 PM";"11:16 PM";"First Quarter";"44";29;22;372
639;"2020-03-31";"06:23 AM";"06:12 PM";"12:37 PM";"11:16 PM";"First Quarter";"44";29;22;373
640;"2020-03-31";"06:23 AM";"06:12 PM";"12:37 PM";"11:16 PM";"First Quarter";"44";29;22;374
641;"2020-04-01";"06:24 AM";"06:11 PM";"01:33 PM";"No moonset";"First Quarter";"56";26;21;368
642;"2020-04-01";"06:24 AM";"06:11 PM";"01:33 PM";"No moonset";"First Quarter";"56";26;21;369
643;"2020-04-01";"06:24 AM";"06:11 PM";"01:33 PM";"No moonset";"First Quarter";"56";26;21;370
644;"2020-04-01";"06:24 AM";"06:11 PM";"01:33 PM";"No moonset";"First Quarter";"56";26;21;371
645;"2020-04-01";"06:24 AM";"06:11 PM";"01:33 PM";"No moonset";"First Quarter";"56";26;21;372
646;"2020-04-01";"06:24 AM";"06:11 PM";"01:33 PM";"No moonset";"First Quarter";"56";26;21;373
647;"2020-04-01";"06:24 AM";"06:11 PM";"01:33 PM";"No moonset";"First Quarter";"56";26;21;374
648;"2020-04-02";"06:24 AM";"06:10 PM";"02:26 PM";"12:12 AM";"First Quarter";"64";26;23;368
649;"2020-04-02";"06:24 AM";"06:10 PM";"02:26 PM";"12:12 AM";"First Quarter";"64";26;23;369
650;"2020-04-02";"06:24 AM";"06:10 PM";"02:26 PM";"12:12 AM";"First Quarter";"64";26;23;370
651;"2020-04-02";"06:24 AM";"06:10 PM";"02:26 PM";"12:12 AM";"First Quarter";"64";26;23;371
652;"2020-04-02";"06:24 AM";"06:10 PM";"02:26 PM";"12:12 AM";"First Quarter";"64";26;23;372
653;"2020-04-02";"06:24 AM";"06:10 PM";"02:26 PM";"12:12 AM";"First Quarter";"64";26;23;373
654;"2020-04-02";"06:24 AM";"06:10 PM";"02:26 PM";"12:12 AM";"First Quarter";"64";26;23;374
655;"2020-04-03";"06:25 AM";"06:09 PM";"03:17 PM";"01:14 AM";"Waxing Gibbous";"71";25;17;368
656;"2020-04-03";"06:25 AM";"06:09 PM";"03:17 PM";"01:14 AM";"Waxing Gibbous";"71";25;17;369
657;"2020-04-03";"06:25 AM";"06:09 PM";"03:17 PM";"01:14 AM";"Waxing Gibbous";"71";25;17;370
658;"2020-04-03";"06:25 AM";"06:09 PM";"03:17 PM";"01:14 AM";"Waxing Gibbous";"71";25;17;371
659;"2020-04-03";"06:25 AM";"06:09 PM";"03:17 PM";"01:14 AM";"Waxing Gibbous";"71";25;17;372
660;"2020-04-03";"06:25 AM";"06:09 PM";"03:17 PM";"01:14 AM";"Waxing Gibbous";"71";25;17;373
661;"2020-04-03";"06:25 AM";"06:09 PM";"03:17 PM";"01:14 AM";"Waxing Gibbous";"71";25;17;374
662;"2020-04-03";"06:25 AM";"06:09 PM";"03:17 PM";"01:14 AM";"Waxing Gibbous";"71";27;18;368
663;"2020-04-03";"06:25 AM";"06:09 PM";"03:17 PM";"01:14 AM";"Waxing Gibbous";"71";27;18;369
664;"2020-04-03";"06:25 AM";"06:09 PM";"03:17 PM";"01:14 AM";"Waxing Gibbous";"71";27;18;370
665;"2020-04-03";"06:25 AM";"06:09 PM";"03:17 PM";"01:14 AM";"Waxing Gibbous";"71";27;18;371
666;"2020-04-03";"06:25 AM";"06:09 PM";"03:17 PM";"01:14 AM";"Waxing Gibbous";"71";27;18;372
667;"2020-04-03";"06:25 AM";"06:09 PM";"03:17 PM";"01:14 AM";"Waxing Gibbous";"71";27;18;373
668;"2020-04-03";"06:25 AM";"06:09 PM";"03:17 PM";"01:14 AM";"Waxing Gibbous";"71";27;18;374
669;"2020-04-04";"06:25 AM";"06:08 PM";"04:03 PM";"02:18 AM";"Waxing Gibbous";"79";25;16;368
670;"2020-04-04";"06:25 AM";"06:08 PM";"04:03 PM";"02:18 AM";"Waxing Gibbous";"79";25;16;369
671;"2020-04-04";"06:25 AM";"06:08 PM";"04:03 PM";"02:18 AM";"Waxing Gibbous";"79";25;16;370
672;"2020-04-04";"06:25 AM";"06:08 PM";"04:03 PM";"02:18 AM";"Waxing Gibbous";"79";25;16;371
673;"2020-04-04";"06:25 AM";"06:08 PM";"04:03 PM";"02:18 AM";"Waxing Gibbous";"79";25;16;372
674;"2020-04-04";"06:25 AM";"06:08 PM";"04:03 PM";"02:18 AM";"Waxing Gibbous";"79";25;16;373
675;"2020-04-04";"06:25 AM";"06:08 PM";"04:03 PM";"02:18 AM";"Waxing Gibbous";"79";25;16;374
676;"2020-04-04";"06:25 AM";"06:08 PM";"04:03 PM";"02:18 AM";"Waxing Gibbous";"79";25;16;368
677;"2020-04-04";"06:25 AM";"06:08 PM";"04:03 PM";"02:18 AM";"Waxing Gibbous";"79";25;16;369
678;"2020-04-04";"06:25 AM";"06:08 PM";"04:03 PM";"02:18 AM";"Waxing Gibbous";"79";25;16;370
679;"2020-04-04";"06:25 AM";"06:08 PM";"04:03 PM";"02:18 AM";"Waxing Gibbous";"79";25;16;371
680;"2020-04-04";"06:25 AM";"06:08 PM";"04:03 PM";"02:18 AM";"Waxing Gibbous";"79";25;16;372
681;"2020-04-04";"06:25 AM";"06:08 PM";"04:03 PM";"02:18 AM";"Waxing Gibbous";"79";25;16;373
682;"2020-04-04";"06:25 AM";"06:08 PM";"04:03 PM";"02:18 AM";"Waxing Gibbous";"79";25;16;374
683;"2020-04-04";"06:25 AM";"06:08 PM";"04:03 PM";"02:18 AM";"Waxing Gibbous";"79";25;16;368
684;"2020-04-04";"06:25 AM";"06:08 PM";"04:03 PM";"02:18 AM";"Waxing Gibbous";"79";25;16;369
685;"2020-04-04";"06:25 AM";"06:08 PM";"04:03 PM";"02:18 AM";"Waxing Gibbous";"79";25;16;370
686;"2020-04-04";"06:25 AM";"06:08 PM";"04:03 PM";"02:18 AM";"Waxing Gibbous";"79";25;16;371
687;"2020-04-04";"06:25 AM";"06:08 PM";"04:03 PM";"02:18 AM";"Waxing Gibbous";"79";25;16;372
688;"2020-04-04";"06:25 AM";"06:08 PM";"04:03 PM";"02:18 AM";"Waxing Gibbous";"79";25;16;373
689;"2020-04-04";"06:25 AM";"06:08 PM";"04:03 PM";"02:18 AM";"Waxing Gibbous";"79";25;16;374
690;"2020-04-05";"06:26 AM";"06:07 PM";"04:47 PM";"03:26 AM";"Waxing Gibbous";"87";24;18;368
691;"2020-04-05";"06:26 AM";"06:07 PM";"04:47 PM";"03:26 AM";"Waxing Gibbous";"87";24;18;369
692;"2020-04-05";"06:26 AM";"06:07 PM";"04:47 PM";"03:26 AM";"Waxing Gibbous";"87";24;18;370
693;"2020-04-05";"06:26 AM";"06:07 PM";"04:47 PM";"03:26 AM";"Waxing Gibbous";"87";24;18;371
694;"2020-04-05";"06:26 AM";"06:07 PM";"04:47 PM";"03:26 AM";"Waxing Gibbous";"87";24;18;372
695;"2020-04-05";"06:26 AM";"06:07 PM";"04:47 PM";"03:26 AM";"Waxing Gibbous";"87";24;18;373
696;"2020-04-05";"06:26 AM";"06:07 PM";"04:47 PM";"03:26 AM";"Waxing Gibbous";"87";24;18;374
697;"2020-04-07";"06:27 AM";"06:05 PM";"06:09 PM";"05:41 AM";"Full Moon";"100";22;18;368
698;"2020-04-07";"06:27 AM";"06:05 PM";"06:09 PM";"05:41 AM";"Full Moon";"100";22;18;369
699;"2020-04-07";"06:27 AM";"06:05 PM";"06:09 PM";"05:41 AM";"Full Moon";"100";22;18;370
700;"2020-04-07";"06:27 AM";"06:05 PM";"06:09 PM";"05:41 AM";"Full Moon";"100";22;18;371
701;"2020-04-07";"06:27 AM";"06:05 PM";"06:09 PM";"05:41 AM";"Full Moon";"100";22;18;372
702;"2020-04-07";"06:27 AM";"06:05 PM";"06:09 PM";"05:41 AM";"Full Moon";"100";22;18;373
703;"2020-04-07";"06:27 AM";"06:05 PM";"06:09 PM";"05:41 AM";"Full Moon";"100";22;18;374
704;"2020-04-11";"06:29 AM";"06:01 PM";"09:07 PM";"10:10 AM";"Waning Gibbous";"68";23;15;368
705;"2020-04-11";"06:29 AM";"06:01 PM";"09:07 PM";"10:10 AM";"Waning Gibbous";"68";23;15;369
706;"2020-04-11";"06:29 AM";"06:01 PM";"09:07 PM";"10:10 AM";"Waning Gibbous";"68";23;15;370
707;"2020-04-11";"06:29 AM";"06:01 PM";"09:07 PM";"10:10 AM";"Waning Gibbous";"68";23;15;371
708;"2020-04-11";"06:29 AM";"06:01 PM";"09:07 PM";"10:10 AM";"Waning Gibbous";"68";23;15;372
709;"2020-04-11";"06:29 AM";"06:01 PM";"09:07 PM";"10:10 AM";"Waning Gibbous";"68";23;15;373
710;"2020-04-11";"06:29 AM";"06:01 PM";"09:07 PM";"10:10 AM";"Waning Gibbous";"68";23;15;374
711;"2020-04-12";"06:29 AM";"06:00 PM";"09:59 PM";"11:14 AM";"Waning Gibbous";"61";23;16;368
712;"2020-04-12";"06:29 AM";"06:00 PM";"09:59 PM";"11:14 AM";"Waning Gibbous";"61";23;16;369
713;"2020-04-12";"06:29 AM";"06:00 PM";"09:59 PM";"11:14 AM";"Waning Gibbous";"61";23;16;370
714;"2020-04-12";"06:29 AM";"06:00 PM";"09:59 PM";"11:14 AM";"Waning Gibbous";"61";23;16;371
715;"2020-04-12";"06:29 AM";"06:00 PM";"09:59 PM";"11:14 AM";"Waning Gibbous";"61";23;16;372
716;"2020-04-12";"06:29 AM";"06:00 PM";"09:59 PM";"11:14 AM";"Waning Gibbous";"61";23;16;373
717;"2020-04-12";"06:29 AM";"06:00 PM";"09:59 PM";"11:14 AM";"Waning Gibbous";"61";23;16;374
718;"2020-04-13";"06:30 AM";"05:59 PM";"10:54 PM";"12:13 PM";"Waning Gibbous";"53";23;18;368
719;"2020-04-13";"06:30 AM";"05:59 PM";"10:54 PM";"12:13 PM";"Waning Gibbous";"53";23;18;369
720;"2020-04-13";"06:30 AM";"05:59 PM";"10:54 PM";"12:13 PM";"Waning Gibbous";"53";23;18;370
721;"2020-04-13";"06:30 AM";"05:59 PM";"10:54 PM";"12:13 PM";"Waning Gibbous";"53";23;18;371
722;"2020-04-13";"06:30 AM";"05:59 PM";"10:54 PM";"12:13 PM";"Waning Gibbous";"53";23;18;372
723;"2020-04-13";"06:30 AM";"05:59 PM";"10:54 PM";"12:13 PM";"Waning Gibbous";"53";23;18;373
724;"2020-04-13";"06:30 AM";"05:59 PM";"10:54 PM";"12:13 PM";"Waning Gibbous";"53";23;18;374
725;"2020-04-14";"06:30 AM";"05:58 PM";"11:50 PM";"01:08 PM";"Last Quarter";"46";25;19;368
726;"2020-04-14";"06:30 AM";"05:58 PM";"11:50 PM";"01:08 PM";"Last Quarter";"46";25;19;369
727;"2020-04-14";"06:30 AM";"05:58 PM";"11:50 PM";"01:08 PM";"Last Quarter";"46";25;19;370
728;"2020-04-14";"06:30 AM";"05:58 PM";"11:50 PM";"01:08 PM";"Last Quarter";"46";25;19;371
729;"2020-04-14";"06:30 AM";"05:58 PM";"11:50 PM";"01:08 PM";"Last Quarter";"46";25;19;372
730;"2020-04-14";"06:30 AM";"05:58 PM";"11:50 PM";"01:08 PM";"Last Quarter";"46";25;19;373
731;"2020-04-14";"06:30 AM";"05:58 PM";"11:50 PM";"01:08 PM";"Last Quarter";"46";25;19;374
732;"2020-04-15";"06:31 AM";"05:57 PM";"No moonrise";"01:55 PM";"Last Quarter";"38";23;14;368
733;"2020-04-15";"06:31 AM";"05:57 PM";"No moonrise";"01:55 PM";"Last Quarter";"38";23;14;369
734;"2020-04-15";"06:31 AM";"05:57 PM";"No moonrise";"01:55 PM";"Last Quarter";"38";23;14;370
735;"2020-04-15";"06:31 AM";"05:57 PM";"No moonrise";"01:55 PM";"Last Quarter";"38";23;14;371
736;"2020-04-15";"06:31 AM";"05:57 PM";"No moonrise";"01:55 PM";"Last Quarter";"38";23;14;372
737;"2020-04-15";"06:31 AM";"05:57 PM";"No moonrise";"01:55 PM";"Last Quarter";"38";23;14;373
738;"2020-04-15";"06:31 AM";"05:57 PM";"No moonrise";"01:55 PM";"Last Quarter";"38";23;14;374
739;"2020-04-16";"06:31 AM";"05:56 PM";"12:46 AM";"02:37 PM";"Last Quarter";"30";22;13;368
740;"2020-04-16";"06:31 AM";"05:56 PM";"12:46 AM";"02:37 PM";"Last Quarter";"30";22;13;369
741;"2020-04-16";"06:31 AM";"05:56 PM";"12:46 AM";"02:37 PM";"Last Quarter";"30";22;13;370
742;"2020-04-16";"06:31 AM";"05:56 PM";"12:46 AM";"02:37 PM";"Last Quarter";"30";22;13;371
743;"2020-04-16";"06:31 AM";"05:56 PM";"12:46 AM";"02:37 PM";"Last Quarter";"30";22;13;372
744;"2020-04-16";"06:31 AM";"05:56 PM";"12:46 AM";"02:37 PM";"Last Quarter";"30";22;13;373
745;"2020-04-16";"06:31 AM";"05:56 PM";"12:46 AM";"02:37 PM";"Last Quarter";"30";22;13;374
746;"2020-04-17";"06:32 AM";"05:55 PM";"01:41 AM";"03:15 PM";"Last Quarter";"23";23;15;368
747;"2020-04-17";"06:32 AM";"05:55 PM";"01:41 AM";"03:15 PM";"Last Quarter";"23";23;15;369
748;"2020-04-17";"06:32 AM";"05:55 PM";"01:41 AM";"03:15 PM";"Last Quarter";"23";23;15;370
749;"2020-04-17";"06:32 AM";"05:55 PM";"01:41 AM";"03:15 PM";"Last Quarter";"23";23;15;371
750;"2020-04-17";"06:32 AM";"05:55 PM";"01:41 AM";"03:15 PM";"Last Quarter";"23";23;15;372
751;"2020-04-17";"06:32 AM";"05:55 PM";"01:41 AM";"03:15 PM";"Last Quarter";"23";23;15;373
752;"2020-04-17";"06:32 AM";"05:55 PM";"01:41 AM";"03:15 PM";"Last Quarter";"23";23;15;374
753;"2020-04-18";"06:33 AM";"05:54 PM";"02:35 AM";"03:50 PM";"Waning Crescent";"15";23;16;368
754;"2020-04-18";"06:33 AM";"05:54 PM";"02:35 AM";"03:50 PM";"Waning Crescent";"15";23;16;369
755;"2020-04-18";"06:33 AM";"05:54 PM";"02:35 AM";"03:50 PM";"Waning Crescent";"15";23;16;370
756;"2020-04-18";"06:33 AM";"05:54 PM";"02:35 AM";"03:50 PM";"Waning Crescent";"15";23;16;371
757;"2020-04-18";"06:33 AM";"05:54 PM";"02:35 AM";"03:50 PM";"Waning Crescent";"15";23;16;372
758;"2020-04-18";"06:33 AM";"05:54 PM";"02:35 AM";"03:50 PM";"Waning Crescent";"15";23;16;373
759;"2020-04-18";"06:33 AM";"05:54 PM";"02:35 AM";"03:50 PM";"Waning Crescent";"15";23;16;374
760;"2020-04-19";"06:33 AM";"05:53 PM";"03:27 AM";"04:21 PM";"Waning Crescent";"8";23;17;368
761;"2020-04-19";"06:33 AM";"05:53 PM";"03:27 AM";"04:21 PM";"Waning Crescent";"8";23;17;369
762;"2020-04-19";"06:33 AM";"05:53 PM";"03:27 AM";"04:21 PM";"Waning Crescent";"8";23;17;370
763;"2020-04-19";"06:33 AM";"05:53 PM";"03:27 AM";"04:21 PM";"Waning Crescent";"8";23;17;371
764;"2020-04-19";"06:33 AM";"05:53 PM";"03:27 AM";"04:21 PM";"Waning Crescent";"8";23;17;372
765;"2020-04-19";"06:33 AM";"05:53 PM";"03:27 AM";"04:21 PM";"Waning Crescent";"8";23;17;373
766;"2020-04-19";"06:33 AM";"05:53 PM";"03:27 AM";"04:21 PM";"Waning Crescent";"8";23;17;374
767;"2020-04-20";"06:34 AM";"05:52 PM";"04:18 AM";"04:52 PM";"Waning Crescent";"0";24;17;368
768;"2020-04-20";"06:34 AM";"05:52 PM";"04:18 AM";"04:52 PM";"Waning Crescent";"0";24;17;369
769;"2020-04-20";"06:34 AM";"05:52 PM";"04:18 AM";"04:52 PM";"Waning Crescent";"0";24;17;370
770;"2020-04-20";"06:34 AM";"05:52 PM";"04:18 AM";"04:52 PM";"Waning Crescent";"0";24;17;371
771;"2020-04-20";"06:34 AM";"05:52 PM";"04:18 AM";"04:52 PM";"Waning Crescent";"0";24;17;372
772;"2020-04-20";"06:34 AM";"05:52 PM";"04:18 AM";"04:52 PM";"Waning Crescent";"0";24;17;373
773;"2020-04-20";"06:34 AM";"05:52 PM";"04:18 AM";"04:52 PM";"Waning Crescent";"0";24;17;374
774;"2020-04-21";"06:34 AM";"05:51 PM";"05:10 AM";"05:22 PM";"New Moon";"0";24;17;368
775;"2020-04-21";"06:34 AM";"05:51 PM";"05:10 AM";"05:22 PM";"New Moon";"0";24;17;369
776;"2020-04-21";"06:34 AM";"05:51 PM";"05:10 AM";"05:22 PM";"New Moon";"0";24;17;370
777;"2020-04-21";"06:34 AM";"05:51 PM";"05:10 AM";"05:22 PM";"New Moon";"0";24;17;371
778;"2020-04-21";"06:34 AM";"05:51 PM";"05:10 AM";"05:22 PM";"New Moon";"0";24;17;372
779;"2020-04-21";"06:34 AM";"05:51 PM";"05:10 AM";"05:22 PM";"New Moon";"0";24;17;373
780;"2020-04-21";"06:34 AM";"05:51 PM";"05:10 AM";"05:22 PM";"New Moon";"0";24;17;374
781;"2020-04-22";"06:35 AM";"05:50 PM";"06:01 AM";"05:53 PM";"New Moon";"0";25;18;368
782;"2020-04-22";"06:35 AM";"05:50 PM";"06:01 AM";"05:53 PM";"New Moon";"0";25;18;369
783;"2020-04-22";"06:35 AM";"05:50 PM";"06:01 AM";"05:53 PM";"New Moon";"0";25;18;370
784;"2020-04-22";"06:35 AM";"05:50 PM";"06:01 AM";"05:53 PM";"New Moon";"0";25;18;371
785;"2020-04-22";"06:35 AM";"05:50 PM";"06:01 AM";"05:53 PM";"New Moon";"0";25;18;372
786;"2020-04-22";"06:35 AM";"05:50 PM";"06:01 AM";"05:53 PM";"New Moon";"0";25;18;373
787;"2020-04-22";"06:35 AM";"05:50 PM";"06:01 AM";"05:53 PM";"New Moon";"0";25;18;374
788;"2020-04-23";"06:35 AM";"05:49 PM";"06:53 AM";"06:25 PM";"New Moon";"0";24;18;368
789;"2020-04-23";"06:35 AM";"05:49 PM";"06:53 AM";"06:25 PM";"New Moon";"0";24;18;369
790;"2020-04-23";"06:35 AM";"05:49 PM";"06:53 AM";"06:25 PM";"New Moon";"0";24;18;370
791;"2020-04-23";"06:35 AM";"05:49 PM";"06:53 AM";"06:25 PM";"New Moon";"0";24;18;371
792;"2020-04-23";"06:35 AM";"05:49 PM";"06:53 AM";"06:25 PM";"New Moon";"0";24;18;372
793;"2020-04-23";"06:35 AM";"05:49 PM";"06:53 AM";"06:25 PM";"New Moon";"0";24;18;373
794;"2020-04-23";"06:35 AM";"05:49 PM";"06:53 AM";"06:25 PM";"New Moon";"0";24;18;374
795;"2020-04-24";"06:36 AM";"05:48 PM";"07:46 AM";"07:00 PM";"Waxing Crescent";"7";23;17;368
796;"2020-04-24";"06:36 AM";"05:48 PM";"07:46 AM";"07:00 PM";"Waxing Crescent";"7";23;17;369
797;"2020-04-24";"06:36 AM";"05:48 PM";"07:46 AM";"07:00 PM";"Waxing Crescent";"7";23;17;370
798;"2020-04-24";"06:36 AM";"05:48 PM";"07:46 AM";"07:00 PM";"Waxing Crescent";"7";23;17;371
799;"2020-04-24";"06:36 AM";"05:48 PM";"07:46 AM";"07:00 PM";"Waxing Crescent";"7";23;17;372
800;"2020-04-24";"06:36 AM";"05:48 PM";"07:46 AM";"07:00 PM";"Waxing Crescent";"7";23;17;373
801;"2020-04-24";"06:36 AM";"05:48 PM";"07:46 AM";"07:00 PM";"Waxing Crescent";"7";23;17;374
802;"2020-04-25";"06:36 AM";"05:48 PM";"08:40 AM";"07:39 PM";"Waxing Crescent";"15";25;21;368
803;"2020-04-25";"06:36 AM";"05:48 PM";"08:40 AM";"07:39 PM";"Waxing Crescent";"15";25;21;369
804;"2020-04-25";"06:36 AM";"05:48 PM";"08:40 AM";"07:39 PM";"Waxing Crescent";"15";25;21;370
805;"2020-04-25";"06:36 AM";"05:48 PM";"08:40 AM";"07:39 PM";"Waxing Crescent";"15";25;21;371
806;"2020-04-25";"06:36 AM";"05:48 PM";"08:40 AM";"07:39 PM";"Waxing Crescent";"15";25;21;372
807;"2020-04-25";"06:36 AM";"05:48 PM";"08:40 AM";"07:39 PM";"Waxing Crescent";"15";25;21;373
808;"2020-04-25";"06:36 AM";"05:48 PM";"08:40 AM";"07:39 PM";"Waxing Crescent";"15";25;21;374
809;"2020-04-27";"06:37 AM";"05:46 PM";"10:33 AM";"09:11 PM";"Waxing Crescent";"30";24;19;368
810;"2020-04-27";"06:37 AM";"05:46 PM";"10:33 AM";"09:11 PM";"Waxing Crescent";"30";24;19;369
811;"2020-04-27";"06:37 AM";"05:46 PM";"10:33 AM";"09:11 PM";"Waxing Crescent";"30";24;19;370
812;"2020-04-27";"06:37 AM";"05:46 PM";"10:33 AM";"09:11 PM";"Waxing Crescent";"30";24;19;371
813;"2020-04-27";"06:37 AM";"05:46 PM";"10:33 AM";"09:11 PM";"Waxing Crescent";"30";24;19;372
814;"2020-04-27";"06:37 AM";"05:46 PM";"10:33 AM";"09:11 PM";"Waxing Crescent";"30";24;19;373
815;"2020-04-27";"06:37 AM";"05:46 PM";"10:33 AM";"09:11 PM";"Waxing Crescent";"30";24;19;374
816;"2020-04-28";"06:38 AM";"05:45 PM";"11:29 AM";"10:05 PM";"Waxing Crescent";"37";25;20;368
817;"2020-04-28";"06:38 AM";"05:45 PM";"11:29 AM";"10:05 PM";"Waxing Crescent";"37";25;20;369
818;"2020-04-28";"06:38 AM";"05:45 PM";"11:29 AM";"10:05 PM";"Waxing Crescent";"37";25;20;370
819;"2020-04-28";"06:38 AM";"05:45 PM";"11:29 AM";"10:05 PM";"Waxing Crescent";"37";25;20;371
820;"2020-04-28";"06:38 AM";"05:45 PM";"11:29 AM";"10:05 PM";"Waxing Crescent";"37";25;20;372
821;"2020-04-28";"06:38 AM";"05:45 PM";"11:29 AM";"10:05 PM";"Waxing Crescent";"37";25;20;373
822;"2020-04-28";"06:38 AM";"05:45 PM";"11:29 AM";"10:05 PM";"Waxing Crescent";"37";25;20;374
823;"2020-04-29";"06:38 AM";"05:44 PM";"12:21 PM";"11:03 PM";"First Quarter";"45";28;21;368
824;"2020-04-29";"06:38 AM";"05:44 PM";"12:21 PM";"11:03 PM";"First Quarter";"45";28;21;369
825;"2020-04-29";"06:38 AM";"05:44 PM";"12:21 PM";"11:03 PM";"First Quarter";"45";28;21;370
826;"2020-04-29";"06:38 AM";"05:44 PM";"12:21 PM";"11:03 PM";"First Quarter";"45";28;21;371
827;"2020-04-29";"06:38 AM";"05:44 PM";"12:21 PM";"11:03 PM";"First Quarter";"45";28;21;372
828;"2020-04-29";"06:38 AM";"05:44 PM";"12:21 PM";"11:03 PM";"First Quarter";"45";28;21;373
829;"2020-04-29";"06:38 AM";"05:44 PM";"12:21 PM";"11:03 PM";"First Quarter";"45";28;21;374
830;"2020-04-30";"06:39 AM";"05:44 PM";"01:12 PM";"No moonset";"First Quarter";"52";25;20;368
831;"2020-04-30";"06:39 AM";"05:44 PM";"01:12 PM";"No moonset";"First Quarter";"52";25;20;369
832;"2020-04-30";"06:39 AM";"05:44 PM";"01:12 PM";"No moonset";"First Quarter";"52";25;20;370
833;"2020-04-30";"06:39 AM";"05:44 PM";"01:12 PM";"No moonset";"First Quarter";"52";25;20;371
834;"2020-04-30";"06:39 AM";"05:44 PM";"01:12 PM";"No moonset";"First Quarter";"52";25;20;372
835;"2020-04-30";"06:39 AM";"05:44 PM";"01:12 PM";"No moonset";"First Quarter";"52";25;20;373
836;"2020-04-30";"06:39 AM";"05:44 PM";"01:12 PM";"No moonset";"First Quarter";"52";25;20;374
837;"2020-05-01";"06:40 AM";"05:43 PM";"01:58 PM";"12:05 AM";"First Quarter";"58";23;19;368
838;"2020-05-01";"06:40 AM";"05:43 PM";"01:58 PM";"12:05 AM";"First Quarter";"58";23;19;369
839;"2020-05-01";"06:40 AM";"05:43 PM";"01:58 PM";"12:05 AM";"First Quarter";"58";23;19;370
840;"2020-05-01";"06:40 AM";"05:43 PM";"01:58 PM";"12:05 AM";"First Quarter";"58";23;19;371
841;"2020-05-01";"06:40 AM";"05:43 PM";"01:58 PM";"12:05 AM";"First Quarter";"58";23;19;372
842;"2020-05-01";"06:40 AM";"05:43 PM";"01:58 PM";"12:05 AM";"First Quarter";"58";23;19;373
843;"2020-05-01";"06:40 AM";"05:43 PM";"01:58 PM";"12:05 AM";"First Quarter";"58";23;19;374
844;"2020-05-02";"06:40 AM";"05:42 PM";"02:41 PM";"01:09 AM";"First Quarter";"65";23;17;368
845;"2020-05-02";"06:40 AM";"05:42 PM";"02:41 PM";"01:09 AM";"First Quarter";"65";23;17;369
846;"2020-05-02";"06:40 AM";"05:42 PM";"02:41 PM";"01:09 AM";"First Quarter";"65";23;17;370
847;"2020-05-02";"06:40 AM";"05:42 PM";"02:41 PM";"01:09 AM";"First Quarter";"65";23;17;371
848;"2020-05-02";"06:40 AM";"05:42 PM";"02:41 PM";"01:09 AM";"First Quarter";"65";23;17;372
849;"2020-05-02";"06:40 AM";"05:42 PM";"02:41 PM";"01:09 AM";"First Quarter";"65";23;17;373
850;"2020-05-02";"06:40 AM";"05:42 PM";"02:41 PM";"01:09 AM";"First Quarter";"65";23;17;374
851;"2020-05-03";"06:41 AM";"05:41 PM";"03:22 PM";"02:14 AM";"Waxing Gibbous";"72";22;15;368
852;"2020-05-03";"06:41 AM";"05:41 PM";"03:22 PM";"02:14 AM";"Waxing Gibbous";"72";22;15;369
853;"2020-05-03";"06:41 AM";"05:41 PM";"03:22 PM";"02:14 AM";"Waxing Gibbous";"72";22;15;370
854;"2020-05-03";"06:41 AM";"05:41 PM";"03:22 PM";"02:14 AM";"Waxing Gibbous";"72";22;15;371
855;"2020-05-03";"06:41 AM";"05:41 PM";"03:22 PM";"02:14 AM";"Waxing Gibbous";"72";22;15;372
856;"2020-05-03";"06:41 AM";"05:41 PM";"03:22 PM";"02:14 AM";"Waxing Gibbous";"72";22;15;373
857;"2020-05-03";"06:41 AM";"05:41 PM";"03:22 PM";"02:14 AM";"Waxing Gibbous";"72";22;15;374
858;"2020-05-04";"06:41 AM";"05:41 PM";"04:01 PM";"03:20 AM";"Waxing Gibbous";"80";22;15;368
859;"2020-05-04";"06:41 AM";"05:41 PM";"04:01 PM";"03:20 AM";"Waxing Gibbous";"80";22;15;369
860;"2020-05-04";"06:41 AM";"05:41 PM";"04:01 PM";"03:20 AM";"Waxing Gibbous";"80";22;15;370
861;"2020-05-04";"06:41 AM";"05:41 PM";"04:01 PM";"03:20 AM";"Waxing Gibbous";"80";22;15;371
862;"2020-05-04";"06:41 AM";"05:41 PM";"04:01 PM";"03:20 AM";"Waxing Gibbous";"80";22;15;372
863;"2020-05-04";"06:41 AM";"05:41 PM";"04:01 PM";"03:20 AM";"Waxing Gibbous";"80";22;15;373
864;"2020-05-04";"06:41 AM";"05:41 PM";"04:01 PM";"03:20 AM";"Waxing Gibbous";"80";22;15;374
865;"2020-05-05";"06:42 AM";"05:40 PM";"04:40 PM";"04:25 AM";"Waxing Gibbous";"87";22;17;368
866;"2020-05-05";"06:42 AM";"05:40 PM";"04:40 PM";"04:25 AM";"Waxing Gibbous";"87";22;17;369
867;"2020-05-05";"06:42 AM";"05:40 PM";"04:40 PM";"04:25 AM";"Waxing Gibbous";"87";22;17;370
868;"2020-05-05";"06:42 AM";"05:40 PM";"04:40 PM";"04:25 AM";"Waxing Gibbous";"87";22;17;371
869;"2020-05-05";"06:42 AM";"05:40 PM";"04:40 PM";"04:25 AM";"Waxing Gibbous";"87";22;17;372
870;"2020-05-05";"06:42 AM";"05:40 PM";"04:40 PM";"04:25 AM";"Waxing Gibbous";"87";22;17;373
871;"2020-05-05";"06:42 AM";"05:40 PM";"04:40 PM";"04:25 AM";"Waxing Gibbous";"87";22;17;374
872;"2020-05-06";"06:42 AM";"05:39 PM";"05:22 PM";"05:32 AM";"Waxing Gibbous";"94";20;16;368
873;"2020-05-06";"06:42 AM";"05:39 PM";"05:22 PM";"05:32 AM";"Waxing Gibbous";"94";20;16;369
874;"2020-05-06";"06:42 AM";"05:39 PM";"05:22 PM";"05:32 AM";"Waxing Gibbous";"94";20;16;370
875;"2020-05-06";"06:42 AM";"05:39 PM";"05:22 PM";"05:32 AM";"Waxing Gibbous";"94";20;16;371
876;"2020-05-06";"06:42 AM";"05:39 PM";"05:22 PM";"05:32 AM";"Waxing Gibbous";"94";20;16;372
877;"2020-05-06";"06:42 AM";"05:39 PM";"05:22 PM";"05:32 AM";"Waxing Gibbous";"94";20;16;373
878;"2020-05-06";"06:42 AM";"05:39 PM";"05:22 PM";"05:32 AM";"Waxing Gibbous";"94";20;16;374
879;"2020-05-07";"06:43 AM";"05:38 PM";"06:05 PM";"06:40 AM";"Full Moon";"100";21;12;368
880;"2020-05-07";"06:43 AM";"05:38 PM";"06:05 PM";"06:40 AM";"Full Moon";"100";21;12;369
881;"2020-05-07";"06:43 AM";"05:38 PM";"06:05 PM";"06:40 AM";"Full Moon";"100";21;12;370
882;"2020-05-07";"06:43 AM";"05:38 PM";"06:05 PM";"06:40 AM";"Full Moon";"100";21;12;371
883;"2020-05-07";"06:43 AM";"05:38 PM";"06:05 PM";"06:40 AM";"Full Moon";"100";21;12;372
884;"2020-05-07";"06:43 AM";"05:38 PM";"06:05 PM";"06:40 AM";"Full Moon";"100";21;12;373
885;"2020-05-07";"06:43 AM";"05:38 PM";"06:05 PM";"06:40 AM";"Full Moon";"100";21;12;374
886;"2020-05-08";"06:43 AM";"05:38 PM";"06:53 PM";"07:48 AM";"Full Moon";"100";21;13;368
887;"2020-05-08";"06:43 AM";"05:38 PM";"06:53 PM";"07:48 AM";"Full Moon";"100";21;13;369
888;"2020-05-08";"06:43 AM";"05:38 PM";"06:53 PM";"07:48 AM";"Full Moon";"100";21;13;370
889;"2020-05-08";"06:43 AM";"05:38 PM";"06:53 PM";"07:48 AM";"Full Moon";"100";21;13;371
890;"2020-05-08";"06:43 AM";"05:38 PM";"06:53 PM";"07:48 AM";"Full Moon";"100";21;13;372
891;"2020-05-08";"06:43 AM";"05:38 PM";"06:53 PM";"07:48 AM";"Full Moon";"100";21;13;373
892;"2020-05-08";"06:43 AM";"05:38 PM";"06:53 PM";"07:48 AM";"Full Moon";"100";21;13;374
893;"2020-05-08";"06:43 AM";"05:38 PM";"06:53 PM";"07:48 AM";"Full Moon";"100";21;13;368
894;"2020-05-08";"06:43 AM";"05:38 PM";"06:53 PM";"07:48 AM";"Full Moon";"100";21;13;369
895;"2020-05-08";"06:43 AM";"05:38 PM";"06:53 PM";"07:48 AM";"Full Moon";"100";21;13;370
896;"2020-05-08";"06:43 AM";"05:38 PM";"06:53 PM";"07:48 AM";"Full Moon";"100";21;13;371
897;"2020-05-08";"06:43 AM";"05:38 PM";"06:53 PM";"07:48 AM";"Full Moon";"100";21;13;372
898;"2020-05-08";"06:43 AM";"05:38 PM";"06:53 PM";"07:48 AM";"Full Moon";"100";21;13;373
899;"2020-05-08";"06:43 AM";"05:38 PM";"06:53 PM";"07:48 AM";"Full Moon";"100";21;13;374
900;"2020-05-10";"06:45 AM";"05:37 PM";"08:40 PM";"09:59 AM";"Waning Gibbous";"77";23;18;368
901;"2020-05-10";"06:45 AM";"05:37 PM";"08:40 PM";"09:59 AM";"Waning Gibbous";"77";23;18;369
902;"2020-05-10";"06:45 AM";"05:37 PM";"08:40 PM";"09:59 AM";"Waning Gibbous";"77";23;18;370
903;"2020-05-10";"06:45 AM";"05:37 PM";"08:40 PM";"09:59 AM";"Waning Gibbous";"77";23;18;371
904;"2020-05-10";"06:45 AM";"05:37 PM";"08:40 PM";"09:59 AM";"Waning Gibbous";"77";23;18;372
905;"2020-05-10";"06:45 AM";"05:37 PM";"08:40 PM";"09:59 AM";"Waning Gibbous";"77";23;18;373
906;"2020-05-10";"06:45 AM";"05:37 PM";"08:40 PM";"09:59 AM";"Waning Gibbous";"77";23;18;374
907;"2020-05-11";"06:45 AM";"05:36 PM";"09:38 PM";"10:57 AM";"Waning Gibbous";"70";26;17;368
908;"2020-05-11";"06:45 AM";"05:36 PM";"09:38 PM";"10:57 AM";"Waning Gibbous";"70";26;17;369
909;"2020-05-11";"06:45 AM";"05:36 PM";"09:38 PM";"10:57 AM";"Waning Gibbous";"70";26;17;370
910;"2020-05-11";"06:45 AM";"05:36 PM";"09:38 PM";"10:57 AM";"Waning Gibbous";"70";26;17;371
911;"2020-05-11";"06:45 AM";"05:36 PM";"09:38 PM";"10:57 AM";"Waning Gibbous";"70";26;17;372
912;"2020-05-11";"06:45 AM";"05:36 PM";"09:38 PM";"10:57 AM";"Waning Gibbous";"70";26;17;373
913;"2020-05-11";"06:45 AM";"05:36 PM";"09:38 PM";"10:57 AM";"Waning Gibbous";"70";26;17;374
914;"2020-05-12";"06:46 AM";"05:35 PM";"10:35 PM";"11:49 AM";"Waning Gibbous";"62";25;18;368
915;"2020-05-12";"06:46 AM";"05:35 PM";"10:35 PM";"11:49 AM";"Waning Gibbous";"62";25;18;369
916;"2020-05-12";"06:46 AM";"05:35 PM";"10:35 PM";"11:49 AM";"Waning Gibbous";"62";25;18;370
917;"2020-05-12";"06:46 AM";"05:35 PM";"10:35 PM";"11:49 AM";"Waning Gibbous";"62";25;18;371
918;"2020-05-12";"06:46 AM";"05:35 PM";"10:35 PM";"11:49 AM";"Waning Gibbous";"62";25;18;372
919;"2020-05-12";"06:46 AM";"05:35 PM";"10:35 PM";"11:49 AM";"Waning Gibbous";"62";25;18;373
920;"2020-05-12";"06:46 AM";"05:35 PM";"10:35 PM";"11:49 AM";"Waning Gibbous";"62";25;18;374
921;"2020-05-13";"06:46 AM";"05:35 PM";"11:33 PM";"12:35 PM";"Waning Gibbous";"55";23;19;368
922;"2020-05-13";"06:46 AM";"05:35 PM";"11:33 PM";"12:35 PM";"Waning Gibbous";"55";23;19;369
923;"2020-05-13";"06:46 AM";"05:35 PM";"11:33 PM";"12:35 PM";"Waning Gibbous";"55";23;19;370
924;"2020-05-13";"06:46 AM";"05:35 PM";"11:33 PM";"12:35 PM";"Waning Gibbous";"55";23;19;371
925;"2020-05-13";"06:46 AM";"05:35 PM";"11:33 PM";"12:35 PM";"Waning Gibbous";"55";23;19;372
926;"2020-05-13";"06:46 AM";"05:35 PM";"11:33 PM";"12:35 PM";"Waning Gibbous";"55";23;19;373
927;"2020-05-13";"06:46 AM";"05:35 PM";"11:33 PM";"12:35 PM";"Waning Gibbous";"55";23;19;374
928;"2020-05-14";"06:47 AM";"05:34 PM";"No moonrise";"01:15 PM";"Last Quarter";"48";20;17;368
929;"2020-05-14";"06:47 AM";"05:34 PM";"No moonrise";"01:15 PM";"Last Quarter";"48";20;17;369
930;"2020-05-14";"06:47 AM";"05:34 PM";"No moonrise";"01:15 PM";"Last Quarter";"48";20;17;370
931;"2020-05-14";"06:47 AM";"05:34 PM";"No moonrise";"01:15 PM";"Last Quarter";"48";20;17;371
932;"2020-05-14";"06:47 AM";"05:34 PM";"No moonrise";"01:15 PM";"Last Quarter";"48";20;17;372
933;"2020-05-14";"06:47 AM";"05:34 PM";"No moonrise";"01:15 PM";"Last Quarter";"48";20;17;373
934;"2020-05-14";"06:47 AM";"05:34 PM";"No moonrise";"01:15 PM";"Last Quarter";"48";20;17;374
935;"2020-05-15";"06:47 AM";"05:34 PM";"12:28 AM";"01:51 PM";"Last Quarter";"40";19;12;368
936;"2020-05-15";"06:47 AM";"05:34 PM";"12:28 AM";"01:51 PM";"Last Quarter";"40";19;12;369
937;"2020-05-15";"06:47 AM";"05:34 PM";"12:28 AM";"01:51 PM";"Last Quarter";"40";19;12;370
938;"2020-05-15";"06:47 AM";"05:34 PM";"12:28 AM";"01:51 PM";"Last Quarter";"40";19;12;371
939;"2020-05-15";"06:47 AM";"05:34 PM";"12:28 AM";"01:51 PM";"Last Quarter";"40";19;12;372
940;"2020-05-15";"06:47 AM";"05:34 PM";"12:28 AM";"01:51 PM";"Last Quarter";"40";19;12;373
941;"2020-05-15";"06:47 AM";"05:34 PM";"12:28 AM";"01:51 PM";"Last Quarter";"40";19;12;374
942;"2020-05-16";"06:48 AM";"05:33 PM";"01:21 AM";"02:23 PM";"Last Quarter";"33";22;15;368
943;"2020-05-16";"06:48 AM";"05:33 PM";"01:21 AM";"02:23 PM";"Last Quarter";"33";22;15;369
944;"2020-05-16";"06:48 AM";"05:33 PM";"01:21 AM";"02:23 PM";"Last Quarter";"33";22;15;370
945;"2020-05-16";"06:48 AM";"05:33 PM";"01:21 AM";"02:23 PM";"Last Quarter";"33";22;15;371
946;"2020-05-16";"06:48 AM";"05:33 PM";"01:21 AM";"02:23 PM";"Last Quarter";"33";22;15;372
947;"2020-05-16";"06:48 AM";"05:33 PM";"01:21 AM";"02:23 PM";"Last Quarter";"33";22;15;373
948;"2020-05-16";"06:48 AM";"05:33 PM";"01:21 AM";"02:23 PM";"Last Quarter";"33";22;15;374
949;"2020-05-17";"06:48 AM";"05:33 PM";"02:13 AM";"02:54 PM";"Waning Crescent";"26";23;14;368
950;"2020-05-17";"06:48 AM";"05:33 PM";"02:13 AM";"02:54 PM";"Waning Crescent";"26";23;14;369
951;"2020-05-17";"06:48 AM";"05:33 PM";"02:13 AM";"02:54 PM";"Waning Crescent";"26";23;14;370
952;"2020-05-17";"06:48 AM";"05:33 PM";"02:13 AM";"02:54 PM";"Waning Crescent";"26";23;14;371
953;"2020-05-17";"06:48 AM";"05:33 PM";"02:13 AM";"02:54 PM";"Waning Crescent";"26";23;14;372
954;"2020-05-17";"06:48 AM";"05:33 PM";"02:13 AM";"02:54 PM";"Waning Crescent";"26";23;14;373
955;"2020-05-17";"06:48 AM";"05:33 PM";"02:13 AM";"02:54 PM";"Waning Crescent";"26";23;14;374
956;"2020-05-18";"06:49 AM";"05:32 PM";"03:04 AM";"03:24 PM";"Waning Crescent";"19";24;16;368
957;"2020-05-18";"06:49 AM";"05:32 PM";"03:04 AM";"03:24 PM";"Waning Crescent";"19";24;16;369
958;"2020-05-18";"06:49 AM";"05:32 PM";"03:04 AM";"03:24 PM";"Waning Crescent";"19";24;16;370
959;"2020-05-18";"06:49 AM";"05:32 PM";"03:04 AM";"03:24 PM";"Waning Crescent";"19";24;16;371
960;"2020-05-18";"06:49 AM";"05:32 PM";"03:04 AM";"03:24 PM";"Waning Crescent";"19";24;16;372
961;"2020-05-18";"06:49 AM";"05:32 PM";"03:04 AM";"03:24 PM";"Waning Crescent";"19";24;16;373
962;"2020-05-18";"06:49 AM";"05:32 PM";"03:04 AM";"03:24 PM";"Waning Crescent";"19";24;16;374
963;"2020-05-19";"06:50 AM";"05:32 PM";"03:55 AM";"03:55 PM";"Waning Crescent";"11";23;16;368
964;"2020-05-19";"06:50 AM";"05:32 PM";"03:55 AM";"03:55 PM";"Waning Crescent";"11";23;16;369
965;"2020-05-19";"06:50 AM";"05:32 PM";"03:55 AM";"03:55 PM";"Waning Crescent";"11";23;16;370
966;"2020-05-19";"06:50 AM";"05:32 PM";"03:55 AM";"03:55 PM";"Waning Crescent";"11";23;16;371
967;"2020-05-19";"06:50 AM";"05:32 PM";"03:55 AM";"03:55 PM";"Waning Crescent";"11";23;16;372
968;"2020-05-19";"06:50 AM";"05:32 PM";"03:55 AM";"03:55 PM";"Waning Crescent";"11";23;16;373
969;"2020-05-19";"06:50 AM";"05:32 PM";"03:55 AM";"03:55 PM";"Waning Crescent";"11";23;16;374
970;"2020-05-20";"06:50 AM";"05:31 PM";"04:47 AM";"04:26 PM";"Waning Crescent";"4";23;19;368
971;"2020-05-20";"06:50 AM";"05:31 PM";"04:47 AM";"04:26 PM";"Waning Crescent";"4";23;19;369
972;"2020-05-20";"06:50 AM";"05:31 PM";"04:47 AM";"04:26 PM";"Waning Crescent";"4";23;19;370
973;"2020-05-20";"06:50 AM";"05:31 PM";"04:47 AM";"04:26 PM";"Waning Crescent";"4";23;19;371
974;"2020-05-20";"06:50 AM";"05:31 PM";"04:47 AM";"04:26 PM";"Waning Crescent";"4";23;19;372
975;"2020-05-20";"06:50 AM";"05:31 PM";"04:47 AM";"04:26 PM";"Waning Crescent";"4";23;19;373
976;"2020-05-20";"06:50 AM";"05:31 PM";"04:47 AM";"04:26 PM";"Waning Crescent";"4";23;19;374
977;"2020-05-21";"06:51 AM";"05:31 PM";"05:40 AM";"05:00 PM";"New Moon";"0";23;20;368
978;"2020-05-21";"06:51 AM";"05:31 PM";"05:40 AM";"05:00 PM";"New Moon";"0";23;20;369
979;"2020-05-21";"06:51 AM";"05:31 PM";"05:40 AM";"05:00 PM";"New Moon";"0";23;20;370
980;"2020-05-21";"06:51 AM";"05:31 PM";"05:40 AM";"05:00 PM";"New Moon";"0";23;20;371
981;"2020-05-21";"06:51 AM";"05:31 PM";"05:40 AM";"05:00 PM";"New Moon";"0";23;20;372
982;"2020-05-21";"06:51 AM";"05:31 PM";"05:40 AM";"05:00 PM";"New Moon";"0";23;20;373
983;"2020-05-21";"06:51 AM";"05:31 PM";"05:40 AM";"05:00 PM";"New Moon";"0";23;20;374
984;"2020-05-22";"06:51 AM";"05:31 PM";"06:34 AM";"05:38 PM";"New Moon";"0";21;20;368
985;"2020-05-22";"06:51 AM";"05:31 PM";"06:34 AM";"05:38 PM";"New Moon";"0";21;20;369
986;"2020-05-22";"06:51 AM";"05:31 PM";"06:34 AM";"05:38 PM";"New Moon";"0";21;20;370
987;"2020-05-22";"06:51 AM";"05:31 PM";"06:34 AM";"05:38 PM";"New Moon";"0";21;20;371
988;"2020-05-22";"06:51 AM";"05:31 PM";"06:34 AM";"05:38 PM";"New Moon";"0";21;20;372
989;"2020-05-22";"06:51 AM";"05:31 PM";"06:34 AM";"05:38 PM";"New Moon";"0";21;20;373
990;"2020-05-22";"06:51 AM";"05:31 PM";"06:34 AM";"05:38 PM";"New Moon";"0";21;20;374
991;"2020-05-23";"06:52 AM";"05:30 PM";"07:31 AM";"06:20 PM";"Waxing Crescent";"3";24;17;368
992;"2020-05-23";"06:52 AM";"05:30 PM";"07:31 AM";"06:20 PM";"Waxing Crescent";"3";24;17;369
993;"2020-05-23";"06:52 AM";"05:30 PM";"07:31 AM";"06:20 PM";"Waxing Crescent";"3";24;17;370
994;"2020-05-23";"06:52 AM";"05:30 PM";"07:31 AM";"06:20 PM";"Waxing Crescent";"3";24;17;371
995;"2020-05-23";"06:52 AM";"05:30 PM";"07:31 AM";"06:20 PM";"Waxing Crescent";"3";24;17;372
996;"2020-05-23";"06:52 AM";"05:30 PM";"07:31 AM";"06:20 PM";"Waxing Crescent";"3";24;17;373
997;"2020-05-23";"06:52 AM";"05:30 PM";"07:31 AM";"06:20 PM";"Waxing Crescent";"3";24;17;374
998;"2020-05-25";"06:53 AM";"05:30 PM";"09:25 AM";"08:00 PM";"Waxing Crescent";"17";23;14;368
999;"2020-05-25";"06:53 AM";"05:30 PM";"09:25 AM";"08:00 PM";"Waxing Crescent";"17";23;14;369
1000;"2020-05-25";"06:53 AM";"05:30 PM";"09:25 AM";"08:00 PM";"Waxing Crescent";"17";23;14;370
1001;"2020-05-25";"06:53 AM";"05:30 PM";"09:25 AM";"08:00 PM";"Waxing Crescent";"17";23;14;371
1002;"2020-05-25";"06:53 AM";"05:30 PM";"09:25 AM";"08:00 PM";"Waxing Crescent";"17";23;14;372
1003;"2020-05-25";"06:53 AM";"05:30 PM";"09:25 AM";"08:00 PM";"Waxing Crescent";"17";23;14;373
1004;"2020-05-25";"06:53 AM";"05:30 PM";"09:25 AM";"08:00 PM";"Waxing Crescent";"17";23;14;374
1005;"2020-05-26";"06:53 AM";"05:29 PM";"10:19 AM";"08:58 PM";"Waxing Crescent";"25";20;12;368
1006;"2020-05-26";"06:53 AM";"05:29 PM";"10:19 AM";"08:58 PM";"Waxing Crescent";"25";20;12;369
1007;"2020-05-26";"06:53 AM";"05:29 PM";"10:19 AM";"08:58 PM";"Waxing Crescent";"25";20;12;370
1008;"2020-05-26";"06:53 AM";"05:29 PM";"10:19 AM";"08:58 PM";"Waxing Crescent";"25";20;12;371
1009;"2020-05-26";"06:53 AM";"05:29 PM";"10:19 AM";"08:58 PM";"Waxing Crescent";"25";20;12;372
1010;"2020-05-26";"06:53 AM";"05:29 PM";"10:19 AM";"08:58 PM";"Waxing Crescent";"25";20;12;373
1011;"2020-05-26";"06:53 AM";"05:29 PM";"10:19 AM";"08:58 PM";"Waxing Crescent";"25";20;12;374
1012;"2020-05-27";"06:54 AM";"05:29 PM";"11:10 AM";"09:59 PM";"Waxing Crescent";"32";18;11;368
1013;"2020-05-27";"06:54 AM";"05:29 PM";"11:10 AM";"09:59 PM";"Waxing Crescent";"32";18;11;369
1014;"2020-05-27";"06:54 AM";"05:29 PM";"11:10 AM";"09:59 PM";"Waxing Crescent";"32";18;11;370
1015;"2020-05-27";"06:54 AM";"05:29 PM";"11:10 AM";"09:59 PM";"Waxing Crescent";"32";18;11;371
1016;"2020-05-27";"06:54 AM";"05:29 PM";"11:10 AM";"09:59 PM";"Waxing Crescent";"32";18;11;372
1017;"2020-05-27";"06:54 AM";"05:29 PM";"11:10 AM";"09:59 PM";"Waxing Crescent";"32";18;11;373
1018;"2020-05-27";"06:54 AM";"05:29 PM";"11:10 AM";"09:59 PM";"Waxing Crescent";"32";18;11;374
1019;"2020-05-28";"06:54 AM";"05:29 PM";"11:57 AM";"11:01 PM";"First Quarter";"39";18;11;368
1020;"2020-05-28";"06:54 AM";"05:29 PM";"11:57 AM";"11:01 PM";"First Quarter";"39";18;11;369
1021;"2020-05-28";"06:54 AM";"05:29 PM";"11:57 AM";"11:01 PM";"First Quarter";"39";18;11;370
1022;"2020-05-28";"06:54 AM";"05:29 PM";"11:57 AM";"11:01 PM";"First Quarter";"39";18;11;371
1023;"2020-05-28";"06:54 AM";"05:29 PM";"11:57 AM";"11:01 PM";"First Quarter";"39";18;11;372
1024;"2020-05-28";"06:54 AM";"05:29 PM";"11:57 AM";"11:01 PM";"First Quarter";"39";18;11;373
1025;"2020-05-28";"06:54 AM";"05:29 PM";"11:57 AM";"11:01 PM";"First Quarter";"39";18;11;374
1026;"2020-05-29";"06:55 AM";"05:29 PM";"12:40 PM";"No moonset";"First Quarter";"47";21;13;368
1027;"2020-05-29";"06:55 AM";"05:29 PM";"12:40 PM";"No moonset";"First Quarter";"47";21;13;369
1028;"2020-05-29";"06:55 AM";"05:29 PM";"12:40 PM";"No moonset";"First Quarter";"47";21;13;370
1029;"2020-05-29";"06:55 AM";"05:29 PM";"12:40 PM";"No moonset";"First Quarter";"47";21;13;371
1030;"2020-05-29";"06:55 AM";"05:29 PM";"12:40 PM";"No moonset";"First Quarter";"47";21;13;372
1031;"2020-05-29";"06:55 AM";"05:29 PM";"12:40 PM";"No moonset";"First Quarter";"47";21;13;373
1032;"2020-05-29";"06:55 AM";"05:29 PM";"12:40 PM";"No moonset";"First Quarter";"47";21;13;374
1033;"2020-05-30";"06:55 AM";"05:28 PM";"01:20 PM";"12:04 AM";"First Quarter";"54";22;13;368
1034;"2020-05-30";"06:55 AM";"05:28 PM";"01:20 PM";"12:04 AM";"First Quarter";"54";22;13;369
1035;"2020-05-30";"06:55 AM";"05:28 PM";"01:20 PM";"12:04 AM";"First Quarter";"54";22;13;370
1036;"2020-05-30";"06:55 AM";"05:28 PM";"01:20 PM";"12:04 AM";"First Quarter";"54";22;13;371
1037;"2020-05-30";"06:55 AM";"05:28 PM";"01:20 PM";"12:04 AM";"First Quarter";"54";22;13;372
1038;"2020-05-30";"06:55 AM";"05:28 PM";"01:20 PM";"12:04 AM";"First Quarter";"54";22;13;373
1039;"2020-05-30";"06:55 AM";"05:28 PM";"01:20 PM";"12:04 AM";"First Quarter";"54";22;13;374
1040;"2020-06-01";"06:56 AM";"05:28 PM";"02:36 PM";"02:10 AM";"Waxing Gibbous";"71";19;15;368
1041;"2020-06-01";"06:56 AM";"05:28 PM";"02:36 PM";"02:10 AM";"Waxing Gibbous";"71";19;15;369
1042;"2020-06-01";"06:56 AM";"05:28 PM";"02:36 PM";"02:10 AM";"Waxing Gibbous";"71";19;15;370
1043;"2020-06-01";"06:56 AM";"05:28 PM";"02:36 PM";"02:10 AM";"Waxing Gibbous";"71";19;15;371
1044;"2020-06-01";"06:56 AM";"05:28 PM";"02:36 PM";"02:10 AM";"Waxing Gibbous";"71";19;15;372
1045;"2020-06-01";"06:56 AM";"05:28 PM";"02:36 PM";"02:10 AM";"Waxing Gibbous";"71";19;15;373
1046;"2020-06-01";"06:56 AM";"05:28 PM";"02:36 PM";"02:10 AM";"Waxing Gibbous";"71";19;15;374
1047;"2020-06-02";"06:57 AM";"05:28 PM";"03:15 PM";"03:15 AM";"Waxing Gibbous";"79";18;13;368
1048;"2020-06-02";"06:57 AM";"05:28 PM";"03:15 PM";"03:15 AM";"Waxing Gibbous";"79";18;13;369
1049;"2020-06-02";"06:57 AM";"05:28 PM";"03:15 PM";"03:15 AM";"Waxing Gibbous";"79";18;13;370
1050;"2020-06-02";"06:57 AM";"05:28 PM";"03:15 PM";"03:15 AM";"Waxing Gibbous";"79";18;13;371
1051;"2020-06-02";"06:57 AM";"05:28 PM";"03:15 PM";"03:15 AM";"Waxing Gibbous";"79";18;13;372
1052;"2020-06-02";"06:57 AM";"05:28 PM";"03:15 PM";"03:15 AM";"Waxing Gibbous";"79";18;13;373
1053;"2020-06-02";"06:57 AM";"05:28 PM";"03:15 PM";"03:15 AM";"Waxing Gibbous";"79";18;13;374
1054;"2020-06-03";"06:57 AM";"05:28 PM";"03:56 PM";"04:20 AM";"Waxing Gibbous";"86";20;15;368
1055;"2020-06-03";"06:57 AM";"05:28 PM";"03:56 PM";"04:20 AM";"Waxing Gibbous";"86";20;15;369
1056;"2020-06-03";"06:57 AM";"05:28 PM";"03:56 PM";"04:20 AM";"Waxing Gibbous";"86";20;15;370
1057;"2020-06-03";"06:57 AM";"05:28 PM";"03:56 PM";"04:20 AM";"Waxing Gibbous";"86";20;15;371
1058;"2020-06-03";"06:57 AM";"05:28 PM";"03:56 PM";"04:20 AM";"Waxing Gibbous";"86";20;15;372
1059;"2020-06-03";"06:57 AM";"05:28 PM";"03:56 PM";"04:20 AM";"Waxing Gibbous";"86";20;15;373
1060;"2020-06-03";"06:57 AM";"05:28 PM";"03:56 PM";"04:20 AM";"Waxing Gibbous";"86";20;15;374
1061;"2020-06-04";"06:58 AM";"05:28 PM";"04:41 PM";"05:27 AM";"Waxing Gibbous";"94";21;16;368
1062;"2020-06-04";"06:58 AM";"05:28 PM";"04:41 PM";"05:27 AM";"Waxing Gibbous";"94";21;16;369
1063;"2020-06-04";"06:58 AM";"05:28 PM";"04:41 PM";"05:27 AM";"Waxing Gibbous";"94";21;16;370
1064;"2020-06-04";"06:58 AM";"05:28 PM";"04:41 PM";"05:27 AM";"Waxing Gibbous";"94";21;16;371
1065;"2020-06-04";"06:58 AM";"05:28 PM";"04:41 PM";"05:27 AM";"Waxing Gibbous";"94";21;16;372
1066;"2020-06-04";"06:58 AM";"05:28 PM";"04:41 PM";"05:27 AM";"Waxing Gibbous";"94";21;16;373
1067;"2020-06-04";"06:58 AM";"05:28 PM";"04:41 PM";"05:27 AM";"Waxing Gibbous";"94";21;16;374
1068;"2020-06-05";"06:58 AM";"05:28 PM";"05:30 PM";"06:34 AM";"Full Moon";"100";19;18;368
1069;"2020-06-05";"06:58 AM";"05:28 PM";"05:30 PM";"06:34 AM";"Full Moon";"100";19;18;369
1070;"2020-06-05";"06:58 AM";"05:28 PM";"05:30 PM";"06:34 AM";"Full Moon";"100";19;18;370
1071;"2020-06-05";"06:58 AM";"05:28 PM";"05:30 PM";"06:34 AM";"Full Moon";"100";19;18;371
1072;"2020-06-05";"06:58 AM";"05:28 PM";"05:30 PM";"06:34 AM";"Full Moon";"100";19;18;372
1073;"2020-06-05";"06:58 AM";"05:28 PM";"05:30 PM";"06:34 AM";"Full Moon";"100";19;18;373
1074;"2020-06-05";"06:58 AM";"05:28 PM";"05:30 PM";"06:34 AM";"Full Moon";"100";19;18;374
1075;"2020-06-08";"06:59 AM";"05:28 PM";"08:21 PM";"09:38 AM";"Waxing Gibbous";"76";21;14;368
1076;"2020-06-08";"06:59 AM";"05:28 PM";"08:21 PM";"09:38 AM";"Waxing Gibbous";"76";21;14;369
1077;"2020-06-08";"06:59 AM";"05:28 PM";"08:21 PM";"09:38 AM";"Waxing Gibbous";"76";21;14;370
1078;"2020-06-08";"06:59 AM";"05:28 PM";"08:21 PM";"09:38 AM";"Waxing Gibbous";"76";21;14;371
1079;"2020-06-08";"06:59 AM";"05:28 PM";"08:21 PM";"09:38 AM";"Waxing Gibbous";"76";21;14;372
1080;"2020-06-08";"06:59 AM";"05:28 PM";"08:21 PM";"09:38 AM";"Waxing Gibbous";"76";21;14;373
1081;"2020-06-08";"06:59 AM";"05:28 PM";"08:21 PM";"09:38 AM";"Waxing Gibbous";"76";21;14;374
1082;"2020-06-09";"07:00 AM";"05:28 PM";"09:20 PM";"10:27 AM";"Waning Gibbous";"69";23;16;368
1083;"2020-06-09";"07:00 AM";"05:28 PM";"09:20 PM";"10:27 AM";"Waning Gibbous";"69";23;16;369
1084;"2020-06-09";"07:00 AM";"05:28 PM";"09:20 PM";"10:27 AM";"Waning Gibbous";"69";23;16;370
1085;"2020-06-09";"07:00 AM";"05:28 PM";"09:20 PM";"10:27 AM";"Waning Gibbous";"69";23;16;371
1086;"2020-06-09";"07:00 AM";"05:28 PM";"09:20 PM";"10:27 AM";"Waning Gibbous";"69";23;16;372
1087;"2020-06-09";"07:00 AM";"05:28 PM";"09:20 PM";"10:27 AM";"Waning Gibbous";"69";23;16;373
1088;"2020-06-09";"07:00 AM";"05:28 PM";"09:20 PM";"10:27 AM";"Waning Gibbous";"69";23;16;374
1089;"2020-06-10";"07:00 AM";"05:28 PM";"10:17 PM";"11:11 AM";"Waning Gibbous";"61";20;18;368
1090;"2020-06-10";"07:00 AM";"05:28 PM";"10:17 PM";"11:11 AM";"Waning Gibbous";"61";20;18;369
1091;"2020-06-10";"07:00 AM";"05:28 PM";"10:17 PM";"11:11 AM";"Waning Gibbous";"61";20;18;370
1092;"2020-06-10";"07:00 AM";"05:28 PM";"10:17 PM";"11:11 AM";"Waning Gibbous";"61";20;18;371
1093;"2020-06-10";"07:00 AM";"05:28 PM";"10:17 PM";"11:11 AM";"Waning Gibbous";"61";20;18;372
1094;"2020-06-10";"07:00 AM";"05:28 PM";"10:17 PM";"11:11 AM";"Waning Gibbous";"61";20;18;373
1095;"2020-06-10";"07:00 AM";"05:28 PM";"10:17 PM";"11:11 AM";"Waning Gibbous";"61";20;18;374
1096;"2020-06-11";"07:01 AM";"05:28 PM";"11:12 PM";"11:49 AM";"Waning Gibbous";"54";24;19;368
1097;"2020-06-11";"07:01 AM";"05:28 PM";"11:12 PM";"11:49 AM";"Waning Gibbous";"54";24;19;369
1098;"2020-06-11";"07:01 AM";"05:28 PM";"11:12 PM";"11:49 AM";"Waning Gibbous";"54";24;19;370
1099;"2020-06-11";"07:01 AM";"05:28 PM";"11:12 PM";"11:49 AM";"Waning Gibbous";"54";24;19;371
1100;"2020-06-11";"07:01 AM";"05:28 PM";"11:12 PM";"11:49 AM";"Waning Gibbous";"54";24;19;372
1101;"2020-06-11";"07:01 AM";"05:28 PM";"11:12 PM";"11:49 AM";"Waning Gibbous";"54";24;19;373
1102;"2020-06-11";"07:01 AM";"05:28 PM";"11:12 PM";"11:49 AM";"Waning Gibbous";"54";24;19;374
1103;"2020-06-12";"07:01 AM";"05:28 PM";"No moonrise";"12:23 PM";"Last Quarter";"46";25;19;368
1104;"2020-06-12";"07:01 AM";"05:28 PM";"No moonrise";"12:23 PM";"Last Quarter";"46";25;19;369
1105;"2020-06-12";"07:01 AM";"05:28 PM";"No moonrise";"12:23 PM";"Last Quarter";"46";25;19;370
1106;"2020-06-12";"07:01 AM";"05:28 PM";"No moonrise";"12:23 PM";"Last Quarter";"46";25;19;371
1107;"2020-06-12";"07:01 AM";"05:28 PM";"No moonrise";"12:23 PM";"Last Quarter";"46";25;19;372
1108;"2020-06-12";"07:01 AM";"05:28 PM";"No moonrise";"12:23 PM";"Last Quarter";"46";25;19;373
1109;"2020-06-12";"07:01 AM";"05:28 PM";"No moonrise";"12:23 PM";"Last Quarter";"46";25;19;374
1110;"2020-06-13";"07:01 AM";"05:28 PM";"12:05 AM";"12:55 PM";"Last Quarter";"38";26;16;368
1111;"2020-06-13";"07:01 AM";"05:28 PM";"12:05 AM";"12:55 PM";"Last Quarter";"38";26;16;369
1112;"2020-06-13";"07:01 AM";"05:28 PM";"12:05 AM";"12:55 PM";"Last Quarter";"38";26;16;370
1113;"2020-06-13";"07:01 AM";"05:28 PM";"12:05 AM";"12:55 PM";"Last Quarter";"38";26;16;371
1114;"2020-06-13";"07:01 AM";"05:28 PM";"12:05 AM";"12:55 PM";"Last Quarter";"38";26;16;372
1115;"2020-06-13";"07:01 AM";"05:28 PM";"12:05 AM";"12:55 PM";"Last Quarter";"38";26;16;373
1116;"2020-06-13";"07:01 AM";"05:28 PM";"12:05 AM";"12:55 PM";"Last Quarter";"38";26;16;374
1117;"2020-06-14";"07:02 AM";"05:28 PM";"12:57 AM";"01:26 PM";"Last Quarter";"31";17;14;368
1118;"2020-06-14";"07:02 AM";"05:28 PM";"12:57 AM";"01:26 PM";"Last Quarter";"31";17;14;369
1119;"2020-06-14";"07:02 AM";"05:28 PM";"12:57 AM";"01:26 PM";"Last Quarter";"31";17;14;370
1120;"2020-06-14";"07:02 AM";"05:28 PM";"12:57 AM";"01:26 PM";"Last Quarter";"31";17;14;371
1121;"2020-06-14";"07:02 AM";"05:28 PM";"12:57 AM";"01:26 PM";"Last Quarter";"31";17;14;372
1122;"2020-06-14";"07:02 AM";"05:28 PM";"12:57 AM";"01:26 PM";"Last Quarter";"31";17;14;373
1123;"2020-06-14";"07:02 AM";"05:28 PM";"12:57 AM";"01:26 PM";"Last Quarter";"31";17;14;374
1124;"2020-06-15";"07:02 AM";"05:28 PM";"01:48 AM";"01:55 PM";"Last Quarter";"23";18;14;368
1125;"2020-06-15";"07:02 AM";"05:28 PM";"01:48 AM";"01:55 PM";"Last Quarter";"23";18;14;369
1126;"2020-06-15";"07:02 AM";"05:28 PM";"01:48 AM";"01:55 PM";"Last Quarter";"23";18;14;370
1127;"2020-06-15";"07:02 AM";"05:28 PM";"01:48 AM";"01:55 PM";"Last Quarter";"23";18;14;371
1128;"2020-06-15";"07:02 AM";"05:28 PM";"01:48 AM";"01:55 PM";"Last Quarter";"23";18;14;372
1129;"2020-06-15";"07:02 AM";"05:28 PM";"01:48 AM";"01:55 PM";"Last Quarter";"23";18;14;373
1130;"2020-06-15";"07:02 AM";"05:28 PM";"01:48 AM";"01:55 PM";"Last Quarter";"23";18;14;374
1131;"2020-06-16";"07:02 AM";"05:28 PM";"02:39 AM";"02:26 PM";"Waning Crescent";"16";19;17;368
1132;"2020-06-16";"07:02 AM";"05:28 PM";"02:39 AM";"02:26 PM";"Waning Crescent";"16";19;17;369
1133;"2020-06-16";"07:02 AM";"05:28 PM";"02:39 AM";"02:26 PM";"Waning Crescent";"16";19;17;370
1134;"2020-06-16";"07:02 AM";"05:28 PM";"02:39 AM";"02:26 PM";"Waning Crescent";"16";19;17;371
1135;"2020-06-16";"07:02 AM";"05:28 PM";"02:39 AM";"02:26 PM";"Waning Crescent";"16";19;17;372
1136;"2020-06-16";"07:02 AM";"05:28 PM";"02:39 AM";"02:26 PM";"Waning Crescent";"16";19;17;373
1137;"2020-06-16";"07:02 AM";"05:28 PM";"02:39 AM";"02:26 PM";"Waning Crescent";"16";19;17;374
1138;"2020-06-17";"07:03 AM";"05:28 PM";"03:32 AM";"02:59 PM";"Waning Crescent";"8";21;19;368
1139;"2020-06-17";"07:03 AM";"05:28 PM";"03:32 AM";"02:59 PM";"Waning Crescent";"8";21;19;369
1140;"2020-06-17";"07:03 AM";"05:28 PM";"03:32 AM";"02:59 PM";"Waning Crescent";"8";21;19;370
1141;"2020-06-17";"07:03 AM";"05:28 PM";"03:32 AM";"02:59 PM";"Waning Crescent";"8";21;19;371
1142;"2020-06-17";"07:03 AM";"05:28 PM";"03:32 AM";"02:59 PM";"Waning Crescent";"8";21;19;372
1143;"2020-06-17";"07:03 AM";"05:28 PM";"03:32 AM";"02:59 PM";"Waning Crescent";"8";21;19;373
1144;"2020-06-17";"07:03 AM";"05:28 PM";"03:32 AM";"02:59 PM";"Waning Crescent";"8";21;19;374
1145;"2020-06-18";"07:03 AM";"05:28 PM";"04:25 AM";"03:36 PM";"Waning Crescent";"1";22;19;368
1146;"2020-06-18";"07:03 AM";"05:28 PM";"04:25 AM";"03:36 PM";"Waning Crescent";"1";22;19;369
1147;"2020-06-18";"07:03 AM";"05:28 PM";"04:25 AM";"03:36 PM";"Waning Crescent";"1";22;19;370
1148;"2020-06-18";"07:03 AM";"05:28 PM";"04:25 AM";"03:36 PM";"Waning Crescent";"1";22;19;371
1149;"2020-06-18";"07:03 AM";"05:28 PM";"04:25 AM";"03:36 PM";"Waning Crescent";"1";22;19;372
1150;"2020-06-18";"07:03 AM";"05:28 PM";"04:25 AM";"03:36 PM";"Waning Crescent";"1";22;19;373
1151;"2020-06-18";"07:03 AM";"05:28 PM";"04:25 AM";"03:36 PM";"Waning Crescent";"1";22;19;374
1152;"2020-06-19";"07:03 AM";"05:29 PM";"05:22 AM";"04:16 PM";"New Moon";"0";24;17;368
1153;"2020-06-19";"07:03 AM";"05:29 PM";"05:22 AM";"04:16 PM";"New Moon";"0";24;17;369
1154;"2020-06-19";"07:03 AM";"05:29 PM";"05:22 AM";"04:16 PM";"New Moon";"0";24;17;370
1155;"2020-06-19";"07:03 AM";"05:29 PM";"05:22 AM";"04:16 PM";"New Moon";"0";24;17;371
1156;"2020-06-19";"07:03 AM";"05:29 PM";"05:22 AM";"04:16 PM";"New Moon";"0";24;17;372
1157;"2020-06-19";"07:03 AM";"05:29 PM";"05:22 AM";"04:16 PM";"New Moon";"0";24;17;373
1158;"2020-06-19";"07:03 AM";"05:29 PM";"05:22 AM";"04:16 PM";"New Moon";"0";24;17;374
1159;"2020-06-20";"07:03 AM";"05:29 PM";"06:19 AM";"05:02 PM";"New Moon";"0";26;19;368
1160;"2020-06-20";"07:03 AM";"05:29 PM";"06:19 AM";"05:02 PM";"New Moon";"0";26;19;369
1161;"2020-06-20";"07:03 AM";"05:29 PM";"06:19 AM";"05:02 PM";"New Moon";"0";26;19;370
1162;"2020-06-20";"07:03 AM";"05:29 PM";"06:19 AM";"05:02 PM";"New Moon";"0";26;19;371
1163;"2020-06-20";"07:03 AM";"05:29 PM";"06:19 AM";"05:02 PM";"New Moon";"0";26;19;372
1164;"2020-06-20";"07:03 AM";"05:29 PM";"06:19 AM";"05:02 PM";"New Moon";"0";26;19;373
1165;"2020-06-20";"07:03 AM";"05:29 PM";"06:19 AM";"05:02 PM";"New Moon";"0";26;19;374
1166;"2020-06-21";"07:04 AM";"05:29 PM";"07:17 AM";"05:54 PM";"New Moon";"0";27;20;368
1167;"2020-06-21";"07:04 AM";"05:29 PM";"07:17 AM";"05:54 PM";"New Moon";"0";27;20;369
1168;"2020-06-21";"07:04 AM";"05:29 PM";"07:17 AM";"05:54 PM";"New Moon";"0";27;20;370
1169;"2020-06-21";"07:04 AM";"05:29 PM";"07:17 AM";"05:54 PM";"New Moon";"0";27;20;371
1170;"2020-06-21";"07:04 AM";"05:29 PM";"07:17 AM";"05:54 PM";"New Moon";"0";27;20;372
1171;"2020-06-21";"07:04 AM";"05:29 PM";"07:17 AM";"05:54 PM";"New Moon";"0";27;20;373
1172;"2020-06-21";"07:04 AM";"05:29 PM";"07:17 AM";"05:54 PM";"New Moon";"0";27;20;374
1173;"2020-06-22";"07:04 AM";"05:29 PM";"08:13 AM";"06:50 PM";"Waxing Crescent";"7";24;19;368
1174;"2020-06-22";"07:04 AM";"05:29 PM";"08:13 AM";"06:50 PM";"Waxing Crescent";"7";24;19;369
1175;"2020-06-22";"07:04 AM";"05:29 PM";"08:13 AM";"06:50 PM";"Waxing Crescent";"7";24;19;370
1176;"2020-06-22";"07:04 AM";"05:29 PM";"08:13 AM";"06:50 PM";"Waxing Crescent";"7";24;19;371
1177;"2020-06-22";"07:04 AM";"05:29 PM";"08:13 AM";"06:50 PM";"Waxing Crescent";"7";24;19;372
1178;"2020-06-22";"07:04 AM";"05:29 PM";"08:13 AM";"06:50 PM";"Waxing Crescent";"7";24;19;373
1179;"2020-06-22";"07:04 AM";"05:29 PM";"08:13 AM";"06:50 PM";"Waxing Crescent";"7";24;19;374
1180;"2020-07-15";"07:03 AM";"05:38 PM";"02:15 AM";"01:32 PM";"Waning Crescent";"28";16;10;368
1181;"2020-07-15";"07:03 AM";"05:38 PM";"02:15 AM";"01:32 PM";"Waning Crescent";"28";16;10;369
1182;"2020-07-15";"07:03 AM";"05:38 PM";"02:15 AM";"01:32 PM";"Waning Crescent";"28";16;10;370
1183;"2020-07-15";"07:03 AM";"05:38 PM";"02:15 AM";"01:32 PM";"Waning Crescent";"28";16;10;371
1184;"2020-07-15";"07:03 AM";"05:38 PM";"02:15 AM";"01:32 PM";"Waning Crescent";"28";16;10;372
1185;"2020-07-15";"07:03 AM";"05:38 PM";"02:15 AM";"01:32 PM";"Waning Crescent";"28";16;10;373
1186;"2020-07-15";"07:03 AM";"05:38 PM";"02:15 AM";"01:32 PM";"Waning Crescent";"28";16;10;374
1187;"2020-07-18";"07:02 AM";"05:40 PM";"05:05 AM";"03:43 PM";"Waning Crescent";"7";20;16;368
1188;"2020-07-18";"07:02 AM";"05:40 PM";"05:05 AM";"03:43 PM";"Waning Crescent";"7";20;16;369
1189;"2020-07-18";"07:02 AM";"05:40 PM";"05:05 AM";"03:43 PM";"Waning Crescent";"7";20;16;370
1190;"2020-07-18";"07:02 AM";"05:40 PM";"05:05 AM";"03:43 PM";"Waning Crescent";"7";20;16;371
1191;"2020-07-18";"07:02 AM";"05:40 PM";"05:05 AM";"03:43 PM";"Waning Crescent";"7";20;16;372
1192;"2020-07-18";"07:02 AM";"05:40 PM";"05:05 AM";"03:43 PM";"Waning Crescent";"7";20;16;373
1193;"2020-07-18";"07:02 AM";"05:40 PM";"05:05 AM";"03:43 PM";"Waning Crescent";"7";20;16;374
1194;"2020-07-20";"07:01 AM";"05:41 PM";"06:58 AM";"05:40 PM";"Waxing Crescent";"0";23;16;368
1195;"2020-07-20";"07:01 AM";"05:41 PM";"06:58 AM";"05:40 PM";"Waxing Crescent";"0";23;16;369
1196;"2020-07-20";"07:01 AM";"05:41 PM";"06:58 AM";"05:40 PM";"Waxing Crescent";"0";23;16;370
1197;"2020-07-20";"07:01 AM";"05:41 PM";"06:58 AM";"05:40 PM";"Waxing Crescent";"0";23;16;371
1198;"2020-07-20";"07:01 AM";"05:41 PM";"06:58 AM";"05:40 PM";"Waxing Crescent";"0";23;16;372
1199;"2020-07-20";"07:01 AM";"05:41 PM";"06:58 AM";"05:40 PM";"Waxing Crescent";"0";23;16;373
1200;"2020-07-20";"07:01 AM";"05:41 PM";"06:58 AM";"05:40 PM";"Waxing Crescent";"0";23;16;374
1201;"2020-07-21";"07:01 AM";"05:41 PM";"07:50 AM";"06:43 PM";"Waxing Crescent";"7";26;17;368
1202;"2020-07-21";"07:01 AM";"05:41 PM";"07:50 AM";"06:43 PM";"Waxing Crescent";"7";26;17;369
1203;"2020-07-21";"07:01 AM";"05:41 PM";"07:50 AM";"06:43 PM";"Waxing Crescent";"7";26;17;370
1204;"2020-07-21";"07:01 AM";"05:41 PM";"07:50 AM";"06:43 PM";"Waxing Crescent";"7";26;17;371
1205;"2020-07-21";"07:01 AM";"05:41 PM";"07:50 AM";"06:43 PM";"Waxing Crescent";"7";26;17;372
1206;"2020-07-21";"07:01 AM";"05:41 PM";"07:50 AM";"06:43 PM";"Waxing Crescent";"7";26;17;373
1207;"2020-07-21";"07:01 AM";"05:41 PM";"07:50 AM";"06:43 PM";"Waxing Crescent";"7";26;17;374
1208;"2020-07-22";"07:00 AM";"05:42 PM";"08:37 AM";"07:48 PM";"Waxing Crescent";"14";25;17;368
1209;"2020-07-22";"07:00 AM";"05:42 PM";"08:37 AM";"07:48 PM";"Waxing Crescent";"14";25;17;369
1210;"2020-07-22";"07:00 AM";"05:42 PM";"08:37 AM";"07:48 PM";"Waxing Crescent";"14";25;17;370
1211;"2020-07-22";"07:00 AM";"05:42 PM";"08:37 AM";"07:48 PM";"Waxing Crescent";"14";25;17;371
1212;"2020-07-22";"07:00 AM";"05:42 PM";"08:37 AM";"07:48 PM";"Waxing Crescent";"14";25;17;372
1213;"2020-07-22";"07:00 AM";"05:42 PM";"08:37 AM";"07:48 PM";"Waxing Crescent";"14";25;17;373
1214;"2020-07-22";"07:00 AM";"05:42 PM";"08:37 AM";"07:48 PM";"Waxing Crescent";"14";25;17;374
1215;"2020-07-23";"07:00 AM";"05:42 PM";"09:20 AM";"08:53 PM";"Waxing Crescent";"21";22;17;368
1216;"2020-07-23";"07:00 AM";"05:42 PM";"09:20 AM";"08:53 PM";"Waxing Crescent";"21";22;17;369
1217;"2020-07-23";"07:00 AM";"05:42 PM";"09:20 AM";"08:53 PM";"Waxing Crescent";"21";22;17;370
1218;"2020-07-23";"07:00 AM";"05:42 PM";"09:20 AM";"08:53 PM";"Waxing Crescent";"21";22;17;371
1219;"2020-07-23";"07:00 AM";"05:42 PM";"09:20 AM";"08:53 PM";"Waxing Crescent";"21";22;17;372
1220;"2020-07-23";"07:00 AM";"05:42 PM";"09:20 AM";"08:53 PM";"Waxing Crescent";"21";22;17;373
1221;"2020-07-23";"07:00 AM";"05:42 PM";"09:20 AM";"08:53 PM";"Waxing Crescent";"21";22;17;374
1222;"2020-07-24";"06:59 AM";"05:43 PM";"10:00 AM";"09:57 PM";"First Quarter";"28";21;17;368
1223;"2020-07-24";"06:59 AM";"05:43 PM";"10:00 AM";"09:57 PM";"First Quarter";"28";21;17;369
1224;"2020-07-24";"06:59 AM";"05:43 PM";"10:00 AM";"09:57 PM";"First Quarter";"28";21;17;370
1225;"2020-07-24";"06:59 AM";"05:43 PM";"10:00 AM";"09:57 PM";"First Quarter";"28";21;17;371
1226;"2020-07-24";"06:59 AM";"05:43 PM";"10:00 AM";"09:57 PM";"First Quarter";"28";21;17;372
1227;"2020-07-24";"06:59 AM";"05:43 PM";"10:00 AM";"09:57 PM";"First Quarter";"28";21;17;373
1228;"2020-07-24";"06:59 AM";"05:43 PM";"10:00 AM";"09:57 PM";"First Quarter";"28";21;17;374
1229;"2020-07-25";"06:59 AM";"05:43 PM";"10:38 AM";"11:00 PM";"First Quarter";"34";19;14;368
1230;"2020-07-25";"06:59 AM";"05:43 PM";"10:38 AM";"11:00 PM";"First Quarter";"34";19;14;369
1231;"2020-07-25";"06:59 AM";"05:43 PM";"10:38 AM";"11:00 PM";"First Quarter";"34";19;14;370
1232;"2020-07-25";"06:59 AM";"05:43 PM";"10:38 AM";"11:00 PM";"First Quarter";"34";19;14;371
1233;"2020-07-25";"06:59 AM";"05:43 PM";"10:38 AM";"11:00 PM";"First Quarter";"34";19;14;372
1234;"2020-07-25";"06:59 AM";"05:43 PM";"10:38 AM";"11:00 PM";"First Quarter";"34";19;14;373
1235;"2020-07-25";"06:59 AM";"05:43 PM";"10:38 AM";"11:00 PM";"First Quarter";"34";19;14;374
1236;"2020-07-26";"06:58 AM";"05:44 PM";"11:15 AM";"No moonset";"First Quarter";"41";17;12;368
1237;"2020-07-26";"06:58 AM";"05:44 PM";"11:15 AM";"No moonset";"First Quarter";"41";17;12;369
1238;"2020-07-26";"06:58 AM";"05:44 PM";"11:15 AM";"No moonset";"First Quarter";"41";17;12;370
1239;"2020-07-26";"06:58 AM";"05:44 PM";"11:15 AM";"No moonset";"First Quarter";"41";17;12;371
1240;"2020-07-26";"06:58 AM";"05:44 PM";"11:15 AM";"No moonset";"First Quarter";"41";17;12;372
1241;"2020-07-26";"06:58 AM";"05:44 PM";"11:15 AM";"No moonset";"First Quarter";"41";17;12;373
1242;"2020-07-26";"06:58 AM";"05:44 PM";"11:15 AM";"No moonset";"First Quarter";"41";17;12;374
1243;"2020-07-27";"06:58 AM";"05:44 PM";"11:53 AM";"12:02 AM";"First Quarter";"48";19;15;368
1244;"2020-07-27";"06:58 AM";"05:44 PM";"11:53 AM";"12:02 AM";"First Quarter";"48";19;15;369
1245;"2020-07-27";"06:58 AM";"05:44 PM";"11:53 AM";"12:02 AM";"First Quarter";"48";19;15;370
1246;"2020-07-27";"06:58 AM";"05:44 PM";"11:53 AM";"12:02 AM";"First Quarter";"48";19;15;371
1247;"2020-07-27";"06:58 AM";"05:44 PM";"11:53 AM";"12:02 AM";"First Quarter";"48";19;15;372
1248;"2020-07-27";"06:58 AM";"05:44 PM";"11:53 AM";"12:02 AM";"First Quarter";"48";19;15;373
1249;"2020-07-27";"06:58 AM";"05:44 PM";"11:53 AM";"12:02 AM";"First Quarter";"48";19;15;374
1250;"2020-07-28";"06:57 AM";"05:45 PM";"12:33 PM";"01:06 AM";"Waxing Gibbous";"55";19;14;368
1251;"2020-07-28";"06:57 AM";"05:45 PM";"12:33 PM";"01:06 AM";"Waxing Gibbous";"55";19;14;369
1252;"2020-07-28";"06:57 AM";"05:45 PM";"12:33 PM";"01:06 AM";"Waxing Gibbous";"55";19;14;370
1253;"2020-07-28";"06:57 AM";"05:45 PM";"12:33 PM";"01:06 AM";"Waxing Gibbous";"55";19;14;371
1254;"2020-07-28";"06:57 AM";"05:45 PM";"12:33 PM";"01:06 AM";"Waxing Gibbous";"55";19;14;372
1255;"2020-07-28";"06:57 AM";"05:45 PM";"12:33 PM";"01:06 AM";"Waxing Gibbous";"55";19;14;373
1256;"2020-07-28";"06:57 AM";"05:45 PM";"12:33 PM";"01:06 AM";"Waxing Gibbous";"55";19;14;374
1257;"2020-07-29";"06:57 AM";"05:45 PM";"01:17 PM";"02:09 AM";"Waxing Gibbous";"62";14;12;368
1258;"2020-07-29";"06:57 AM";"05:45 PM";"01:17 PM";"02:09 AM";"Waxing Gibbous";"62";14;12;369
1259;"2020-07-29";"06:57 AM";"05:45 PM";"01:17 PM";"02:09 AM";"Waxing Gibbous";"62";14;12;370
1260;"2020-07-29";"06:57 AM";"05:45 PM";"01:17 PM";"02:09 AM";"Waxing Gibbous";"62";14;12;371
1261;"2020-07-29";"06:57 AM";"05:45 PM";"01:17 PM";"02:09 AM";"Waxing Gibbous";"62";14;12;372
1262;"2020-07-29";"06:57 AM";"05:45 PM";"01:17 PM";"02:09 AM";"Waxing Gibbous";"62";14;12;373
1263;"2020-07-29";"06:57 AM";"05:45 PM";"01:17 PM";"02:09 AM";"Waxing Gibbous";"62";14;12;374
1264;"2020-08-01";"06:55 AM";"05:47 PM";"03:54 PM";"05:15 AM";"Full Moon";"83";20;14;368
1265;"2020-08-01";"06:55 AM";"05:47 PM";"03:54 PM";"05:15 AM";"Full Moon";"83";20;14;369
1266;"2020-08-01";"06:55 AM";"05:47 PM";"03:54 PM";"05:15 AM";"Full Moon";"83";20;14;370
1267;"2020-08-01";"06:55 AM";"05:47 PM";"03:54 PM";"05:15 AM";"Full Moon";"83";20;14;371
1268;"2020-08-01";"06:55 AM";"05:47 PM";"03:54 PM";"05:15 AM";"Full Moon";"83";20;14;372
1269;"2020-08-01";"06:55 AM";"05:47 PM";"03:54 PM";"05:15 AM";"Full Moon";"83";20;14;373
1270;"2020-08-01";"06:55 AM";"05:47 PM";"03:54 PM";"05:15 AM";"Full Moon";"83";20;14;374
1271;"2020-08-29";"06:30 AM";"06:00 PM";"02:45 PM";"04:05 AM";"Waxing Gibbous";"69";22;16;368
1272;"2020-08-29";"06:30 AM";"06:00 PM";"02:45 PM";"04:05 AM";"Waxing Gibbous";"69";22;16;369
1273;"2020-08-29";"06:30 AM";"06:00 PM";"02:45 PM";"04:05 AM";"Waxing Gibbous";"69";22;16;370
1274;"2020-08-29";"06:30 AM";"06:00 PM";"02:45 PM";"04:05 AM";"Waxing Gibbous";"69";22;16;371
1275;"2020-08-29";"06:30 AM";"06:00 PM";"02:45 PM";"04:05 AM";"Waxing Gibbous";"69";22;16;372
1276;"2020-08-29";"06:30 AM";"06:00 PM";"02:45 PM";"04:05 AM";"Waxing Gibbous";"69";22;16;373
1277;"2020-08-29";"06:30 AM";"06:00 PM";"02:45 PM";"04:05 AM";"Waxing Gibbous";"69";22;16;374
1278;"2020-08-30";"06:29 AM";"06:01 PM";"03:44 PM";"04:54 AM";"Full Moon";"76";23;18;368
1279;"2020-08-30";"06:29 AM";"06:01 PM";"03:44 PM";"04:54 AM";"Full Moon";"76";23;18;369
1280;"2020-08-30";"06:29 AM";"06:01 PM";"03:44 PM";"04:54 AM";"Full Moon";"76";23;18;370
1281;"2020-08-30";"06:29 AM";"06:01 PM";"03:44 PM";"04:54 AM";"Full Moon";"76";23;18;371
1282;"2020-08-30";"06:29 AM";"06:01 PM";"03:44 PM";"04:54 AM";"Full Moon";"76";23;18;372
1283;"2020-08-30";"06:29 AM";"06:01 PM";"03:44 PM";"04:54 AM";"Full Moon";"76";23;18;373
1284;"2020-08-30";"06:29 AM";"06:01 PM";"03:44 PM";"04:54 AM";"Full Moon";"76";23;18;374
